2461041.500000000, A.D. 2026-Jan-01 00:00:00.0000,  1.591429536350342E-02,  1.470986021592249E+08,  3.549055731418342E-03,  1.776179030721728E+02,  2.863568704502947E+02,  2.461045196355864E+06,  1.142130337831415E-05,  3.563524337712979E+02,  3.562340674073986E+02,  1.494774301325314E+08,  1.518562581058380E+08,  3.152004531142557E+07,
2461042.500000000, A.D. 2026-Jan-02 00:00:00.0000,  1.581116368266497E-02,  1.470993377695406E+08,  3.709647891573523E-03,  1.694367264161388E+02,  2.942063286964735E+02,  2.461044870927643E+06,  1.142301315915226E-05,  3.576600169061483E+02,  3.575845527680661E+02,  1.494625140435051E+08,  1.518256903174696E+08,  3.151532743456253E+07,
2461043.500000000, A.D. 2026-Jan-03 00:00:00.0000,  1.575985862124483E-02,  1.470997938303751E+08,  3.933874530263463E-03,  1.624820721018839E+02,  3.007810155258197E+02,  2.461044498008708E+06,  1.142385325395460E-05,  3.590149445259025E+02,  3.589832740821237E+02,  1.494551864388634E+08,  1.518105790473517E+08,  3.151300983977351E+07,
2461044.500000000, A.D. 2026-Jan-04 00:00:00.0000,  1.576344194988733E-02,  1.470998791227284E+08,  4.177825679017275E-03,  1.571624384517649E+02,  3.057085722505091E+02,  2.461044113152269E+06,  1.142378093196358E-05,  3.818243866146529E-01,  3.941037862012517E-01,  1.494558172215737E+08,  1.518117553204190E+08,  3.151320934321535E+07,
2461045.500000000, A.D. 2026-Jan-05 00:00:00.0000,  1.581930320712987E-02,  1.470996008198341E+08,  4.396398049812851E-03,  1.534816070288243E+02,  3.090213817609779E+02,  2.461043751944192E+06,  1.142284081169874E-05,  1.725214742564306E+00,  1.780889401276050E+00,  1.494640174301168E+08,  1.518284340403996E+08,  3.151580293680577E+07,
2461046.500000000, A.D. 2026-Jan-06 00:00:00.0000,  1.592017981277005E-02,  1.470990525056395E+08,  4.555667830954123E-03,  1.512480206463328E+02,  3.109406912548397E+02,  2.461043443597067E+06,  1.142114848676767E-05,  3.016019381547558E+00,  3.113950699311057E+00,  1.494787815866934E+08,  1.518585106677474E+08,  3.152047278056926E+07,
2461047.500000000, A.D. 2026-Jan-07 00:00:00.0000,  1.605605801624153E-02,  1.470983792911217E+08,  4.636947906052039E-03,  1.502341972853848E+02,  3.117135415104690E+02,  2.461043207345338E+06,  1.141886147111196E-05,  4.235088579240083E+00,  4.373735058990555E+00,  1.494987397295747E+08,  1.518991001680278E+08,  3.152678582805712E+07,
2461048.500000000, A.D. 2026-Jan-08 00:00:00.0000,  1.621613245034746E-02,  1.470977391044712E+08,  4.635216500723446E-03,  1.502515972726101E+02,  3.115376614444748E+02,  2.461043052210459E+06,  1.141614956810864E-05,  5.373456211230253E+00,  5.551055091774253E+00,  1.495224143803588E+08,  1.519470896562464E+08,  3.153427500684391E+07,
2461049.500000000, A.D. 2026-Jan-09 00:00:00.0000,  1.639022546290004E-02,  1.470972746364337E+08,  4.555347655481273E-03,  1.511732371751598E+02,  3.105409416415066E+02,  2.461042979058492E+06,  1.141317341024815E-05,  6.430288570572758E+00,  6.645001269007140E+00,  1.495484067405284E+08,  1.519995388446232E+08,  3.154249804675252E+07,
2461050.500000000, A.D. 2026-Jan-10 00:00:00.0000,  1.656949232914232E-02,  1.470970999025905E+08,  4.408410886725334E-03,  1.529339169957879E+02,  3.087840498191687E+02,  2.461042983401543E+06,  1.141007373746379E-05,  7.410091044998514E+00,  7.660099729649565E+00,  1.495754898340231E+08,  1.520538797654556E+08,  3.155106691536772E+07,
2461051.500000000, A.D. 2026-Jan-11 00:00:00.0000,  1.674654847612810E-02,  1.470972978910841E+08,  4.209018989123441E-03,  1.555226838655439E+02,  3.062704476061126E+02,  2.461043057841538E+06,  1.140696945331965E-05,  8.320271935386241E+00,  8.603832420622211E+00,  1.496026255113662E+08,  1.521079531316483E+08,  3.155965319914423E+07,
2461052.500000000, A.D. 2026-Jan-12 00:00:00.0000,  1.691525967342556E-02,  1.470979236805824E+08,  3.973834023968151E-03,  1.589713567914700E+02,  3.029595348712717E+02,  2.461043193714037E+06,  1.140396091488177E-05,  9.169504247665074E+00,  9.484968585983482E+00,  1.496289359874688E+08,  1.521599482943553E+08,  3.156797911594143E+07,
2461053.500000000, A.D. 2026-Jan-13 00:00:00.0000,  1.707040648518302E-02,  1.470990086087736E+08,  3.720892565216102E-03,  1.633362685475267E+02,  2.987857728369360E+02,  2.461043381939847E+06,  1.140113529004109E-05,  9.966876999246420E+00,  1.031270019078530E+01,  1.496536573721098E+08,  1.522083061354460E+08,  3.157580283381607E+07,
2461054.500000000, A.D. 2026-Jan-14 00:00:00.0000,  1.720736312355664E-02,  1.471005630556213E+08,  3.469197343065418E-03,  1.686657734768113E+02,  2.936914346837951E+02,  2.461043613279443E+06,  1.139857182523239E-05,  1.072164092071696E+01,  1.109638378243441E+01,  1.496760939552244E+08,  1.522516248548275E+08,  3.158290402689639E+07,
2461055.500000000, A.D. 2026-Jan-15 00:00:00.0000,  1.732186951142602E-02,  1.471025769797896E+08,  3.237889297460056E-03,  1.749449889150573E+02,  2.876817409530614E+02,  2.461043878212100E+06,  1.139634575225730E-05,  1.144332689729948E+01,  1.184566379823012E+01,  1.496955843584839E+08,  1.522885917371782E+08,  3.158907318415590E+07,
2461056.500000000, A.D. 2026-Jan-16 00:00:00.0000,  1.740993580762735E-02,  1.471050183261011E+08,  3.044301870954442E-03,  1.820190734055176E+02,  2.809012687807167E+02,  2.461044166629091E+06,  1.139453013842544E-05,  1.214204830828004E+01,  1.257078516255546E+01,  1.497114856814802E+08,  1.523179530368593E+08,  3.159410661313559E+07,
2461057.500000000, A.D. 2026-Jan-17 00:00:00.0000,  1.746789393349072E-02,  1.471078299865362E+08,  2.900646293994355E-03,  1.895251007002087E+02,  2.737017291653088E+02,  2.461044467491656E+06,  1.139319534918630E-05,  1.282883732262872E+01,  1.328294203875088E+01,  1.497231785895230E+08,  1.523385271925099E+08,  3.159780807459876E+07,
2461058.500000000, A.D. 2026-Jan-18 00:00:00.0000,  1.749259019753355E-02,  1.471109263139713E+08,  2.810326422917216E-03,  1.968936005784598E+02,  2.666401641663373E+02,  2.461044768574518E+06,  1.139240611122876E-05,  1.351589548982003E+01,  1.399453987350759E+01,  1.497300934794456E+08,  1.523492606449200E+08,  3.159999709325418E+07,
2461059.500000000, A.D. 2026-Jan-19 00:00:00.0000,  1.748169058680336E-02,  1.471141903020867E+08,  2.766267987505177E-03,  2.034571619640617E+02,  2.603702647788087E+02,  2.461045056389324E+06,  1.139221654192738E-05,  1.421666557612242E+01,  1.471927456824857E+01,  1.497317545053688E+08,  1.523493187086509E+08,  3.160052292502278E+07,
2461060.500000000, A.D. 2026-Jan-20 00:00:00.0000,  1.743404680864843E-02,  1.471174724249403E+08,  2.753277875442165E-03,  2.086089814279746E+02,  2.554839899706994E+02,  2.461045316350306E+06,  1.139266393209167E-05,  1.494566365441563E+01,  1.547196524993401E+01,  1.497278345001740E+08,  1.523381965754076E+08,  3.159928197178944E+07,
2461061.500000000, A.D. 2026-Jan-21 00:00:00.0000,  1.735005488697821E-02,  1.471205917818114E+08,  2.753922152041314E-03,  2.119009277018177E+02,  2.524139390738156E+02,  2.461045533204539E+06,  1.139376239091019E-05,  1.571804988173875E+01,  1.626811784610715E+01,  1.497182109595396E+08,  1.523158301372678E+08,  3.159623552332492E+07,
2461062.500000000, A.D. 2026-Jan-22 00:00:00.0000,  1.723193892546240E-02,  1.471233397618448E+08,  2.755404310469853E-03,  2.130421757343742E+02,  2.514354082919276E+02,  2.461045691711556E+06,  1.139549749670976E-05,  1.654895308822309E+01,  1.712323515776294E+01,  1.497030129377457E+08,  1.522826861136467E+08,  3.159142460466895E+07,
2461063.500000000, A.D. 2026-Jan-23 00:00:00.0000,  1.708391359287595E-02,  1.471254862221977E+08,  2.755234743406071E-03,  2.118594415994851E+02,  2.527070669575468E+02,  2.461045777540288E+06,  1.139782275822156E-05,  1.745258008043323E+01,  1.805190645332746E+01,  1.496826517103702E+08,  1.522398171985427E+08,  3.158497966116574E+07,
2461064.500000000, A.D. 2026-Jan-24 00:00:00.0000,  1.691221001460970E-02,  1.471267884672903E+08,  2.764506538539437E-03,  2.083067815355945E+02,  2.562622737396648E+02,  2.461045778367625E+06,  1.140065811625395E-05,  1.844112355956899E+01,  1.906669305061673E+01,  1.496578331722305E+08,  1.521888778771707E+08,  3.157712443694341E+07,
2461065.500000000, A.D. 2026-Jan-25 00:00:00.0000,  1.672497095089603E-02,  1.471270042078369E+08,  2.807379985975984E-03,  2.025735780123632E+02,  2.619024324151446E+02,  2.461045685200995E+06,  1.140389024490252E-05,  1.952344452164581E+01,  2.017678732979483E+01,  1.496295541544659E+08,  1.521321041010948E+08,  3.156817474290567E+07,
2461066.500000000, A.D. 2026-Jan-26 00:00:00.0000,  1.653201440008665E-02,  1.471259108056019E+08,  2.914493170239530E-03,  1.952365793912039E+02,  2.690465596245357E+02,  2.461045493962804E+06,  1.140737439925032E-05,  2.070349035327219E+01,  2.138640614974411E+01,  1.495990850336175E+08,  1.520722592616331E+08,  3.155853287533534E+07,
2461067.500000000, A.D. 2026-Jan-27 00:00:00.0000,  1.634442898493643E-02,  1.471233335463712E+08,  3.109906402046629E-03,  1.872577268172980E+02,  2.767352943800623E+02,  2.461045207298949E+06,  1.141093812984610E-05,  2.197848664258072E+01,  2.269295522345317E+01,  1.495679360556563E+08,  1.520125385649415E+08,  3.154867688383963E+07,
2461068.500000000, A.D. 2026-Jan-28 00:00:00.0000,  1.617392440966148E-02,  1.471191840185083E+08,  3.397722891831891E-03,  1.796787750182247E+02,  2.839380802565469E+02,  2.461044836350160E+06,  1.141438807757512E-05,  2.333716553685456E+01,  2.408522678649177E+01,  1.495377970442900E+08,  1.519564100700716E+08,  3.153914143739878E+07,
2461069.500000000, A.D. 2026-Jan-29 00:00:00.0000,  1.603186347209637E-02,  1.471135046190502E+08,  3.757800766720179E-03,  1.732266795709486E+02,  2.899489326766579E+02,  2.461044401877338E+06,  1.141752159938124E-05,  2.475864209700138E+01,  2.554224548180140E+01,  1.495104355087807E+08,  1.519073663985111E+08,  3.153048556698239E+07,
2461070.500000000, A.D. 2026-Jan-30 00:00:00.0000,  1.592799633798455E-02,  1.471065071613635E+08,  4.152327676212505E-03,  1.681767255774403E+02,  2.945229114667212E+02,  2.461043933848515E+06,  1.142014427752069E-05,  2.621283403878817E+01,  2.703366719590178E+01,  1.494875442182460E+08,  1.518685812751285E+08,  3.152324447499502E+07,
2461071.500000000, A.D. 2026-Jan-31 00:00:00.0000,  1.586910370476753E-02,  1.470985866164341E+08,  4.536765744205306E-03,  1.644809217188933E+02,  2.977449942126184E+02,  2.461043468722268E+06,  1.142209193958475E-05,  2.766319183624587E+01,  2.852251119543922E+01,  1.494705502796302E+08,  1.518425139428263E+08,  3.151786922256973E+07,
2461072.500000000, A.D. 2026-Feb-01 00:00:00.0000,  1.585793997472269E-02,  1.470902926324112E+08,  4.869451633146445E-03,  1.619506358698181E+02,  2.998423971190070E+02,  2.461043044459332E+06,  1.142325241082011E-05,  2.907170576180165E+01,  2.997020260814491E+01,  1.494604271141843E+08,  1.518305615959575E+08,  3.151466736907676E+07,
2461073.500000000, A.D. 2026-Feb-02 00:00:00.0000,  1.589288926418975E-02,  1.470822564825915E+08,  5.118070887055255E-03,  1.603743140877622E+02,  3.010607574281678E+02,  2.461042694510547E+06,  1.142358007802181E-05,  3.040493549200630E+01,  3.134266946839625E+01,  1.494575690776373E+08,  1.518328816726832E+08,  3.151376342103255E+07,
2461074.500000000, A.D. 2026-Feb-03 00:00:00.0000,  1.596851435882452E-02,  1.470750934525893E+08,  5.262892704485662E-03,  1.595684895412660E+02,  3.016080395233172E+02,  2.461042442824168E+06,  1.142309777330087E-05,  3.163901073420934E+01,  3.261542591116770E+01,  1.494617759682335E+08,  1.518484584838777E+08,  3.151509399152879E+07,
2461075.500000000, A.D. 2026-Feb-04 00:00:00.0000,  1.607680321070142E-02,  1.470693144813600E+08,  5.297006866392289E-03,  1.593922718626354E+02,  3.016376770834352E+02,  2.461042301544543E+06,  1.142188541143845E-05,  3.276192563111319E+01,  3.377593902144690E+01,  1.494723520710469E+08,  1.518753896607338E+08,  3.151843912209782E+07,
2461076.500000000, A.D. 2026-Feb-05 00:00:00.0000,  1.620865085582143E-02,  1.470652748397363E+08,  5.224256669216679E-03,  1.597473499441963E+02,  3.012492678588555E+02,  2.461042271733619E+06,  1.142006017495678E-05,  3.377279765576313E+01,  3.482293005212258E+01,  1.494882781472632E+08,  1.519112814547901E+08,  3.152347662663368E+07,
2461077.500000000, A.D. 2026-Feb-06 00:00:00.0000,  1.635511666966387E-02,  1.470631671733982E+08,  5.056010131690145E-03,  1.605741076182944E+02,  3.004952436078307E+02,  2.461042346139888E+06,  1.141775540969416E-05,  3.467907444691544E+01,  3.576358815956625E+01,  1.495083944070191E+08,  1.519536216406401E+08,  3.152983989255407E+07,
2461078.500000000, A.D. 2026-Feb-07 00:00:00.0000,  1.650820643917899E-02,  1.470630471157666E+08,  4.807932205676447E-03,  1.618479889972203E+02,  2.993879107776970E+02,  2.461042512564271E+06,  1.141510398479642E-05,  3.549314773351894E+01,  3.661016424456928E+01,  1.495315447252605E+08,  1.520000423347544E+08,  3.153716343534651E+07,
2461079.500000000, A.D. 2026-Feb-08 00:00:00.0000,  1.666116735942286E-02,  1.470648722873496E+08,  4.497523787654020E-03,  1.635774179123800E+02,  2.979044235610953E+02,  2.461042756708125E+06,  1.141222857562687E-05,  3.622949385155987E+01,  3.737707866454450E+01,  1.495566608433775E+08,  1.520484493994054E+08,  3.154510949498971E+07,
2461080.500000000, A.D. 2026-Feb-09 00:00:00.0000,  1.680842706214980E-02,  1.470685388034702E+08,  4.142686817953309E-03,  1.658032709857260E+02,  2.959891912935782E+02,  2.461043064017655E+06,  1.140923844461599E-05,  3.690282663215419E+01,  3.807904113009407E+01,  1.495827902226810E+08,  1.520970416418918E+08,  3.155337683120152E+07,
2461081.500000000, A.D. 2026-Feb-10 00:00:00.0000,  1.694534099993567E-02,  1.470739067666110E+08,  3.761204590551000E-03,  1.685986988522561E+02,  2.935549267711928E+02,  2.461043420530829E+06,  1.140623085202464E-05,  3.752725386970884E+01,  3.873018153690482E+01,  1.496090837067091E+08,  1.521442606468072E+08,  3.156169681907664E+07,
2461082.500000000, A.D. 2026-Feb-11 00:00:00.0000,  1.706788315965584E-02,  1.470808124472925E+08,  3.370839431687843E-03,  1.720657747500795E+02,  2.904860924590155E+02,  2.461043812962607E+06,  1.140329501026357E-05,  3.811619812065666E+01,  3.934395545018506E+01,  1.496347610657864E+08,  1.521887096842803E+08,  3.156982255356728E+07,
2461083.500000000, A.D. 2026-Feb-12 00:00:00.0000,  1.717237149981552E-02,  1.470890683679978E+08,  2.989659369205822E-03,  1.763205470040961E+02,  2.866534467716135E+02,  2.461044228304514E+06,  1.140051684505064E-05,  3.868280288002449E+01,  3.993354549151555E+01,  1.496590695079043E+08,  1.522290706478108E+08,  3.157751572958628E+07,
2461084.500000000, A.D. 2026-Feb-13 00:00:00.0000,  1.725528668986386E-02,  1.470984539661763E+08,  2.636096466943248E-03,  1.814495848986654E+02,  2.819568424651775E+02,  2.461044653176888E+06,  1.139798322974690E-05,  3.924058362559769E+01,  4.051251709047592E+01,  1.496812467916628E+08,  1.522640396171492E+08,  3.158453497812298E+07,
2461085.500000000, A.D. 2026-Feb-14 00:00:00.0000,  1.731322472039549E-02,  1.471087001474662E+08,  2.328074578350704E-03,  1.874137851873614E+02,  2.764207108775614E+02,  2.461045073131640E+06,  1.139578460168453E-05,  3.980412437320454E+01,  4.109552764576063E+01,  1.497004985190824E+08,  1.522922968906985E+08,  3.159062869148866E+07,
2461086.500000000, A.D. 2026-Feb-15 00:00:00.0000,  1.734301308560081E-02,  1.471194717273026E+08,  2.080572199189583E-03,  1.938924157553231E+02,  2.703494421577468E+02,  2.461045472089001E+06,  1.139401498163731E-05,  4.038963545500546E+01,  4.169890249515225E+01,  1.497159982439715E+08,  1.523125247606405E+08,  3.159553507522843E+07,
2461087.500000000, A.D. 2026-Feb-16 00:00:00.0000,  1.734200429307776E-02,  1.471303527488052E+08,  1.901981299273174E-03,  2.001409095924090E+02,  2.644693414963957E+02,  2.461045832097867E+06,  1.139276858252087E-05,  4.101518301017177E+01,  4.234088460568167E+01,  1.497269175965540E+08,  1.523234824443027E+08,  3.159899171061220E+07,
2461088.500000000, A.D. 2026-Feb-17 00:00:00.0000,  1.730852842896069E-02,  1.471408405449983E+08,  1.792049325689537E-03,  2.050403207430119E+02,  2.598794416354721E+02,  2.461046133607815E+06,  1.139213264907755E-05,  4.170040355270472E+01,  4.304136613904986E+01,  1.497324895979433E+08,  1.523241386508884E+08,  3.160075563456066E+07,
2461089.500000000, A.D. 2026-Feb-18 00:00:00.0000,  1.724243590336322E-02,  1.471503542656009E+08,  1.745480227467661E-03,  2.074431667222091E+02,  2.577065914883225E+02,  2.461046356393612E+06,  1.139217706528715E-05,  4.246556571675927E+01,  4.382095767029713E+01,  1.497321004095892E+08,  1.523138465535775E+08,  3.160063242845374E+07,
2461090.500000000, A.D. 2026-Feb-19 00:00:00.0000,  1.714560597227259E-02,  1.471582615060869E+08,  1.761033500861705E-03,  2.066538370587633E+02,  2.586266652711905E+02,  2.461046481154362E+06,  1.139294246771851E-05,  4.332996079359969E+01,  4.469937106839159E+01,  1.497253941176717E+08,  1.522925267292565E+08,  3.159850942985512E+07,
2461091.500000000, A.D. 2026-Feb-20 00:00:00.0000,  1.702226589877176E-02,  1.471639226149855E+08,  1.848753960841041E-03,  2.027979873341503E+02,  2.624973183923871E+02,  2.461046491633763E+06,  1.139442960083805E-05,  4.430977867084761E+01,  4.569327043277467E+01,  1.497123663228677E+08,  1.522608100307499E+08,  3.159438538051280E+07,
2461092.500000000, A.D. 2026-Feb-21 00:00:00.0000,  1.687898929649468E-02,  1.471667476249741E+08,  2.026725694798440E-03,  1.968932910137929E+02,  2.682895925058604E+02,  2.461046376939948E+06,  1.139659276985999E-05,  4.541579130621164E+01,  4.681391631425875E+01,  1.496934212805237E+08,  1.522200949360734E+08,  3.158838850082230E+07,
2461093.500000000, A.D. 2026-Feb-22 00:00:00.0000,  1.672432315909788E-02,  1.471662578560131E+08,  2.307651047020394E-03,  1.904140284799277E+02,  2.745254845359893E+02,  2.461046133664351E+06,  1.139933917559633E-05,  4.665124156872714E+01,  4.806500886953619E+01,  1.496693768820086E+08,  1.521724959080041E+08,  3.158077801305243E+07,
2461094.500000000, A.D. 2026-Feb-23 00:00:00.0000,  1.656809536450954E-02,  1.471621445126812E+08,  2.687098917594471E-03,  1.845553496414450E+02,  2.800152812437112E+02,  2.461045767442066E+06,  1.140253411348493E-05,  4.801029012945844E+01,  4.944109184430770E+01,  1.496414177931587E+08,  1.521206910736362E+08,  3.157192922354468E+07,
2461095.500000000, A.D. 2026-Feb-24 00:00:00.0000,  1.642052590063894E-02,  1.471543191098561E+08,  3.142791351650294E-03,  1.798584377870503E+02,  2.842331848980752E+02,  2.461045293709442E+06,  1.140601049720244E-05,  4.947726042451605E+01,  5.092676401777138E+01,  1.496110105841743E+08,  1.520677020584925E+08,  3.156230656532339E+07,
2461096.500000000, A.D. 2026-Feb-25 00:00:00.0000,  1.629127868577878E-02,  1.471429524586021E+08,  3.641281564258606E-03,  1.763571587571135E+02,  2.871704898868393E+02,  2.461044737504120E+06,  1.140958072149365E-05,  5.102683560731131E+01,  5.249685411319591E+01,  1.495797986440754E+08,  1.520166448295487E+08,  3.155243025905615E+07,
2461097.500000000, A.D. 2026-Feb-26 00:00:00.0000,  1.618856427938081E-02,  1.471284977851296E+08,  4.144860769841447E-03,  1.738651046543971E+02,  2.890472659502821E+02,  2.461044132175090E+06,  1.141304948322805E-05,  5.262534373002459E+01,  5.411769423079721E+01,  1.495494893057036E+08,  1.519704808262775E+08,  3.154284054660720E+07,
2461098.500000000, A.D. 2026-Feb-27 00:00:00.0000,  1.611837785501098E-02,  1.471116897014723E+08,  4.616349626127652E-03,  1.721564090596616E+02,  2.901290520027583E+02,  2.461043516889835E+06,  1.141622708158536E-05,  5.423325159968472E+01,  5.574961085633415E+01,  1.495217375650841E+08,  1.519317854286959E+08,  3.153406089658888E+07,
2461099.500000000, A.D. 2026-Feb-28 00:00:00.0000,  1.608395593190725E-02,  1.470935079688935E+08,  5.022424344978275E-03,  1.710351709847772E+02,  2.906537487940652E+02,  2.461042932972990E+06,  1.141894305473403E-05,  5.580884104091696E+01,  5.735060794871486E+01,  1.494980276576461E+08,  1.519025473463988E+08,  3.152656058222064E+07,
2461100.500000000, A.D. 2026-Mar-01 00:00:00.0000,  1.608554530838300E-02,  1.470750984924482E+08,  5.336220762586007E-03,  1.703491796038520E+02,  2.908133913717331E+02,  2.461042419456365E+06,  1.142105942183247E-05,  5.731269178552105E+01,  5.888086910012427E+01,  1.494795587067019E+08,  1.518840189209556E+08,  3.152071858691364E+07,
2461101.500000000, A.D. 2026-Mar-02 00:00:00.0000,  1.612055854493015E-02,  1.470576562087732E+08,  5.539318945006893E-03,  1.699845360927054E+02,  2.907550188150281E+02,  2.461042008652005E+06,  1.142248169187119E-05,  5.871215519651549E+01,  6.030726499514196E+01,  1.494671501533644E+08,  1.518766440979556E+08,  3.151679378538150E+07,
2461102.500000000, A.D. 2026-Mar-03 00:00:00.0000,  1.618411567548615E-02,  1.470422912780389E+08,  5.622807141099286E-03,  1.698565399196660E+02,  2.905863364886313E+02,  2.461041722795903E+06,  1.142316512915200E-05,  5.998475852535331E+01,  6.160680366576662E+01,  1.494611884407598E+08,  1.518800856034806E+08,  3.151490816510018E+07,
2461103.500000000, A.D. 2026-Mar-04 00:00:00.0000,  1.626986180913890E-02,  1.470299111596884E+08,  5.587124464113205E-03,  1.699016894789802E+02,  2.903821821341897E+02,  2.461041572599524E+06,  1.142311436463530E-05,  6.111968641409570E+01,  6.276816248464913E+01,  1.494616312458265E+08,  1.518933513319646E+08,  3.151504821789410E+07,
2461104.500000000, A.D. 2026-Mar-05 00:00:00.0000,  1.637086511121162E-02,  1.470211479520224E+08,  5.440689547003412E-03,  1.700716741712212E+02,  2.901911505193061E+02,  2.461041557918853E+06,  1.142237629955808E-05,  6.211711894560329E+01,  6.379107025457446E+01,  1.494680695571761E+08,  1.519149911623299E+08,  3.151708458544899E+07,
2461105.500000000, A.D. 2026-Mar-06 00:00:00.0000,  1.648039169708878E-02,  1.470163433837501E+08,  5.197704026831302E-03,  1.703290213771275E+02,  2.900422233109782E+02,  2.461041670041471E+06,  1.142102838387841E-05,  6.298592556378827E+01,  6.468402943596064E+01,  1.494798295251384E+08,  1.519433156665267E+08,  3.152080424808028E+07,
2461106.500000000, A.D. 2026-Mar-07 00:00:00.0000,  1.659242420432977E-02,  1.470155831352910E+08,  4.875735028030743E-03,  1.706438340212515E+02,  2.899510531095986E+02,  2.461041894682297E+06,  1.141916556490105E-05,  6.374063398025473E+01,  6.546129396015806E+01,  1.494960856045282E+08,  1.519765880737653E+08,  3.152594626585744E+07,
2461107.500000000, A.D. 2026-Mar-08 00:00:00.0000,  1.670189279192381E-02,  1.470187588683220E+08,  4.493634708953607E-03,  1.709911203767952E+02,  2.899255025077572E+02,  2.461042214806426E+06,  1.141688898927246E-05,  6.439856898320487E+01,  6.614000010428511E+01,  1.495159583757963E+08,  1.520131578832706E+08,  3.153223267198826E+07,
2461108.500000000, A.D. 2026-Mar-09 00:00:00.0000,  1.680466871700767E-02,  1.470256345876689E+08,  4.070126756924483E-03,  1.713483269228211E+02,  2.899702511061075E+02,  2.461042612719935E+06,  1.141429832927028E-05,  6.497773091409876E+01,  6.673802660744762E+01,  1.495385809001066E+08,  1.520515272125444E+08,  3.153938942324938E+07,
2461109.500000000, A.D. 2026-Mar-10 00:00:00.0000,  1.689740748093123E-02,  1.470359003430209E+08,  3.623130579446905E-03,  1.716927644253177E+02,  2.900905825693052E+02,  2.461043071243090E+06,  1.141148821102935E-05,  6.549560435707097E+01,  6.727278166619000E+01,  1.495631294860702E+08,  1.520903586291196E+08,  3.154715610642751E+07,
2461110.500000000, A.D. 2026-Mar-11 00:00:00.0000,  1.697732765086162E-02,  1.470492048341508E+08,  3.169709865917052E-03,  1.719986968691123E+02,  2.902956529515152E+02,  2.461043574042502E+06,  1.140854823135628E-05,  6.596882041331419E+01,  6.776084584707002E+01,  1.495888233002256E+08,  1.521284417663003E+08,  3.155528579969040E+07,
2461111.500000000, A.D. 2026-Mar-12 00:00:00.0000,  1.704199303525174E-02,  1.470651651519072E+08,  2.726445014187296E-03,  1.722341179452734E+02,  2.906014091407564E+02,  2.461044105316588E+06,  1.140556558729677E-05,  6.641347523559301E+01,  6.821827727804104E+01,  1.496149012571006E+08,  1.521646373622940E+08,  3.156353775221448E+07,
2461112.500000000, A.D. 2026-Mar-13 00:00:00.0000,  1.708914729615257E-02,  1.470833556765897E+08,  2.310004274952939E-03,  1.723582052849508E+02,  2.910323849906996E+02,  2.461044649050218E+06,  1.140262922271044E-05,  6.684588484770991E+01,  6.866136130273809E+01,  1.496405856868752E+08,  1.521978156971608E+08,  3.157166588237329E+07,
2461113.500000000, A.D. 2026-Mar-14 00:00:00.0000,  1.711663955170474E-02,  1.471032801018588E+08,  1.937679156130737E-03,  1.723234668470313E+02,  2.916185719336264E+02,  2.461045188046820E+06,  1.139983435405393E-05,  6.728356373661698E+01,  6.910759336953166E+01,  1.496650426910927E+08,  1.522268052803267E+08,  3.157940622812465E+07,
2461114.500000000, A.D. 2026-Mar-15 00:00:00.0000,  1.712247648700791E-02,  1.471243323450548E+08,  1.627623714167597E-03,  1.720937487989844E+02,  2.923764207181596E+02,  2.461045702960249E+06,  1.139728608591820E-05,  6.774620059394935E+01,  6.957666917684921E+01,  1.496873504841217E+08,  1.522503686231886E+08,  3.158646692608640E+07,
2461115.500000000, A.D. 2026-Mar-16 00:00:00.0000,  1.710503325596603E-02,  1.471457551258135E+08,  1.398496548263080E-03,  1.716971457778961E+02,  2.932552183859224E+02,  2.461046171606549E+06,  1.139510053825704E-05,  6.825634676882697E+01,  7.009119711611812E+01,  1.497064896092131E+08,  1.522672240926126E+08,  3.159252512001658E+07,
2461116.500000000, A.D. 2026-Mar-17 00:00:00.0000,  1.706343862655224E-02,  1.471666095688349E+08,  1.268221646346691E-03,  1.713085687147099E+02,  2.940544574922136E+02,  2.461046568920875E+06,  1.139340167596904E-05,  6.883944832211105E+01,  7.067676091350700E+01,  1.497213709938721E+08,  1.522761324189093E+08,  3.159723585970922E+07,
2461117.500000000, A.D. 2026-Mar-18 00:00:00.0000,  1.699810443634531E-02,  1.471857737480901E+08,  1.251832429899832E-03,  1.712479271875673E+02,  2.944266605648621E+02,  2.461046867970410E+06,  1.139231229663775E-05,  6.952280883004423E+01,  7.136091264869889E+01,  1.497309154868858E+08,  1.522760572256815E+08,  3.160025731617697E+07,
2461118.500000000, A.D. 2026-Mar-19 00:00:00.0000,  1.691129080889556E-02,  1.472019887150980E+08,  1.358817467537605E-03,  1.717523140280132E+02,  2.941075848061587E+02,  2.461047042326358E+06,  1.139193892497066E-05,  7.033318161311092E+01,  7.217078359071435E+01,  1.497341870971312E+08,  1.522663854791643E+08,  3.160129301702056E+07,
2461119.500000000, A.D. 2026-Mar-20 00:00:00.0000,  1.680751103497347E-02,  1.472139623113937E+08,  1.590484534103758E-03,  1.727493530194683E+02,  2.931465921433119E+02,  2.461047069734719E+06,  1.139235282698604E-05,  7.129305827399627E+01,  7.312936705396062E+01,  1.497305603568645E+08,  1.522471584023353E+08,  3.160014489256663E+07,
2461120.500000000, A.D. 2026-Mar-21 00:00:00.0000,  1.669354448839239E-02,  1.472205222951565E+08,  1.937827415047906E-03,  1.739722592773327E+02,  2.917959876876997E+02,  2.461046936440531E+06,  1.139357212769911E-05,  7.241630867556729E+01,  7.425112067662323E+01,  1.497198777349210E+08,  1.522192331746855E+08,  3.159676315426993E+07,
2461121.500000000, A.D. 2026-Mar-22 00:00:00.0000,  1.657790751193971E-02,  1.472207874953933E+08,  2.380897577234443E-03,  1.751968488306339E+02,  2.902778932464109E+02,  2.461046640981388E+06,  1.139555122369005E-05,  7.370436509111224E+01,  7.553808485206886E+01,  1.497025423975623E+08,  1.521842972997313E+08,  3.159127565953995E+07,
2461122.500000000, A.D. 2026-Mar-23 00:00:00.0000,  1.646983022878006E-02,  1.472143124609265E+08,  2.890454201982938E-03,  1.763144910670998E+02,  2.887133614112639E+02,  2.461046196169295E+06,  1.139818177840212E-05,  7.514423419073528E+01,  7.697781786776615E+01,  1.496795085555638E+08,  1.521447046502012E+08,  3.158398479678111E+07,
2461123.500000000, A.D. 2026-Mar-24 00:00:00.0000,  1.637799883779120E-02,  1.472011679882661E+08,  3.431479387595106E-03,  1.772932896477784E+02,  2.871606813375014E+02,  2.461045628516418E+06,  1.140130513938683E-05,  7.670907757203858E+01,  7.854391071239137E+01,  1.496521710721588E+08,  1.521031741560516E+08,  3.157533243771783E+07,
2461124.500000000, A.D. 2026-Mar-25 00:00:00.0000,  1.630941163221188E-02,  1.471819437522084E+08,  3.967385672625536E-03,  1.781329959680877E+02,  2.856575259390316E+02,  2.461044975268901E+06,  1.140473175305320E-05,  7.836119071925123E+01,  8.019892749077751E+01,  1.496221936985526E+08,  1.520624436448968E+08,  3.156584545740177E+07,
2461125.500000000, A.D. 2026-Mar-26 00:00:00.0000,  1.626861491132040E-02,  1.471576846250698E+08,  4.463796638577853E-03,  1.788407963853499E+02,  2.842407064701267E+02,  2.461044279956039E+06,  1.140826166314402E-05,  8.005646999200744E+01,  8.189886414822787E+01,  1.495913283399046E+08,  1.520249720547394E+08,  3.155607844822057E+07,
2461126.500000000, A.D. 2026-Mar-27 00:00:00.0000,  1.625740976775726E-02,  1.471297851390410E+08,  4.891294875697744E-03,  1.794215572628013E+02,  2.829510817944351E+02,  2.461043587580057E+06,  1.141170172831495E-05,  8.174924403547496E+01,  8.359799419024561E+01,  1.495612638915090E+08,  1.519927426439769E+08,  3.154656584712169E+07,
2461127.500000000, A.D. 2026-Mar-28 00:00:00.0000,  1.627497023961048E-02,  1.470998647732186E+08,  5.227076770727681E-03,  1.798745215815427E+02,  2.818325104802084E+02,  2.461042940321398E+06,  1.141487799325211E-05,  8.339659900365145E+01,  8.525321962469491E+01,  1.495335183339275E+08,  1.519671718946365E+08,  3.153778780752745E+07,
2461128.500000000, A.D. 2026-Mar-29 00:00:00.0000,  1.631824735792022E-02,  1.470696381371067E+08,  5.455753541840052E-03,  1.801922766599406E+02,  2.809294949294588E+02,  2.461042374222965E+06,  1.141764376774390E-05,  8.496173733728834E+01,  8.682745850581040E+01,  1.495093690028213E+08,  1.519490998685359E+08,  3.153014819196230E+07,
2461129.500000000, A.D. 2026-Mar-30 00:00:00.0000,  1.638253680187802E-02,  1.470407876173045E+08,  5.569561064507079E-03,  1.803602666679827E+02,  2.802853959600863E+02,  2.461041917000604E+06,  1.141988464788146E-05,  8.641622161864655E+01,  8.829191707072054E+01,  1.494898099299883E+08,  1.519388322426721E+08,  3.152396115198807E+07,
2461130.500000000, A.D. 2026-Mar-31 00:00:00.0000,  1.646211483308272E-02,  1.470148454113357E+08,  5.568120012973343E-03,  1.803561826844049E+02,  2.799418850130471E+02,  2.461041586972750E+06,  1.142152130593194E-05,  8.774110383361091E+01,  8.962724661460874E+01,  1.494755287300252E+08,  1.519362120487146E+08,  3.151944389518658E+07,
2461131.500000000, A.D. 2026-Apr-01 00:00:00.0000,  1.655086690757203E-02,  1.469930949924428E+08,  5.457776850518557E-03,  1.801489322169329E+02,  2.799398716895457E+02,  2.461041393038345E+06,  1.142251016220335E-05,  8.892700000021283E+01,  9.082364553192053E+01,  1.494669017910740E+08,  1.519407085897052E+08,  3.151671523053018E+07,
2461132.500000000, A.D. 2026-Apr-02 00:00:00.0000,  1.664284216704234E-02,  1.469765040034068E+08,  5.250540874383569E-03,  1.796969915933435E+02,  2.803219808372900E+02,  2.461041335568382E+06,  1.142284167145956E-05,  8.997323343294492E+01,  9.188002895316872E+01,  1.494640099303305E+08,  1.519515158572543E+08,  3.151580056471192E+07,
2461133.500000000, A.D. 2026-Apr-03 00:00:00.0000,  1.673267707409161E-02,  1.469656975658915E+08,  4.962708917680699E-03,  1.789459915230662E+02,  2.811365089945007E+02,  2.461041407981390E+06,  1.142253613982844E-05,  9.088626908961106E+01,  9.280248593217493E+01,  1.494666751749318E+08,  1.519676527839721E+08,  3.151664355385501E+07,
2461134.500000000, A.D. 2026-Apr-04 00:00:00.0000,  1.681585319014337E-02,  1.469609729594066E+08,  4.613371143693893E-03,  1.778255303431610E+02,  2.824425469156484E+02,  2.461041598680900E+06,  1.142163755959413E-05,  9.167776089730388E+01,  9.360234300541561E+01,  1.494745144500669E+08,  1.519880559407272E+08,  3.151912307859929E+07,
2461135.500000000, A.D. 2026-Apr-05 00:00:00.0000,  1.688878618079676E-02,  1.469623470593148E+08,  4.223042272467515E-03,  1.762456660515768E+02,  2.843154553982281E+02,  2.461041892997960E+06,  1.142020652024758E-05,  9.236257589141368E+01,  9.429419584041838E+01,  1.494870010569746E+08,  1.520116550546344E+08,  3.152307266613209E+07,
2461136.500000000, A.D. 2026-Apr-06 00:00:00.0000,  1.694877478767211E-02,  1.469696211777552E+08,  3.812621670945972E-03,  1.740947378539638E+02,  2.868507235832595E+02,  2.461042274829198E+06,  1.141831349938806E-05,  9.295711543434452E+01,  9.489422908120353E+01,  1.495035227142019E+08,  1.520374242506486E+08,  3.152829881744737E+07,
2461137.500000000, A.D. 2026-Apr-07 00:00:00.0000,  1.699385879579259E-02,  1.469824463347142E+08,  3.402756659199823E-03,  1.712429453105843E+02,  2.901615682999259E+02,  2.461042727769501E+06,  1.141603367458992E-05,  9.347814502222909E+01,  9.541903770723842E+01,  1.495234263284022E+08,  1.520644063220901E+08,  3.153459513712689E+07,
2461138.500000000, A.D. 2026-Apr-08 00:00:00.0000,  1.702264019774291E-02,  1.470003748359449E+08,  3.013485787407922E-03,  1.675616270694430E+02,  2.943602437157431E+02,  2.461043235661172E+06,  1.141344397090774E-05,  9.394221832991713E+01,  9.588503860646900E+01,  1.495460433244532E+08,  1.520917118129614E+08,  3.154175031810037E+07,
2461139.500000000, A.D. 2026-Apr-09 00:00:00.0000,  1.703411578701484E-02,  1.470228889422729E+08,  2.663782540495955E-03,  1.629761489081853E+02,  2.995051636838634E+02,  2.461043782578713E+06,  1.141062258329552E-05,  9.436567987738925E+01,  9.630846018343010E+01,  1.495706934528936E+08,  1.521184979635143E+08,  3.154954932319108E+07,
2461140.500000000, A.D. 2026-Apr-10 00:00:00.0000,  1.702755961563845E-02,  1.470494021503244E+08,  2.370363316352849E-03,  1.575722453455166E+02,  3.054940673662328E+02,  2.461044352327521E+06,  1.140765082506901E-05,  9.476516810444360E+01,  9.670583509674259E+01,  1.495966683387636E+08,  1.521439345272028E+08,  3.155776816107291E+07,
2461141.500000000, A.D. 2026-Apr-11 00:00:00.0000,  1.700248605090102E-02,  1.470792323062776E+08,  2.145205344651833E-03,  1.517448883062883E+02,  3.119142681028952E+02,  2.461044927570787E+06,  1.140461685210754E-05,  9.515850223549866E+01,  9.709488261278300E+01,  1.496231986542884E+08,  1.521671650022991E+08,  3.156616348171952E+07,
2461142.500000000, A.D. 2026-Apr-12 00:00:00.0000,  1.695872018913513E-02,  1.471115491700931E+08,  1.992395042833289E-03,  1.462931449718005E+02,  3.179466838518839E+02,  2.461045488743854E+06,  1.140162048585000E-05,  9.556578939742117E+01,  9.749562007600908E+01,  1.496494116690573E+08,  1.521872741680215E+08,  3.157445912594429E+07,
2461143.500000000, A.D. 2026-Apr-13 00:00:00.0000,  1.689659834350646E-02,  1.471453039902273E+08,  1.907198121409197E-03,  1.423074404327314E+02,  3.224774865317661E+02,  2.461046013005482E+06,  1.139877785769945E-05,  9.601049616700229E+01,  9.793145052893453E+01,  1.496742903567344E+08,  1.522032767232415E+08,  3.158233316713277E+07,
2461144.500000000, A.D. 2026-Apr-14 00:00:00.0000,  1.681730743668331E-02,  1.471791571910063E+08,  1.880719558172778E-03,  1.408339964606412E+02,  3.244330114657868E+02,  2.461046473631111E+06,  1.139622385587320E-05,  9.652007033097863E+01,  9.842981399259472E+01,  1.496966518066814E+08,  1.522141464223565E+08,  3.158941106746241E+07,
2461145.500000000, A.D. 2026-Apr-15 00:00:00.0000,  1.672333390688041E-02,  1.472114328759713E+08,  1.909269531853946E-03,  1.425047856003166E+02,  3.231501960687870E+02,  2.461046840442904E+06,  1.139410957162446E-05,  9.712550625147431E+01,  9.902179415593081E+01,  1.497151696489356E+08,  1.522189064219000E+08,  3.159527277993999E+07,
2461146.500000000, A.D. 2026-Apr-16 00:00:00.0000,  1.661891915021512E-02,  1.472401413365765E+08,  2.001876685368341E-03,  1.472658833045850E+02,  3.186503697520375E+02,  2.461047081960707E+06,  1.139259178653329E-05,  9.785915751351075E+01,  9.973997595243753E+01,  1.497284666177831E+08,  1.522167918989897E+08,  3.159948207970912E+07,
2461147.500000000, A.D. 2026-Apr-17 00:00:00.0000,  1.651032231006707E-02,  1.472631117378666E+08,  2.177936423891477E-03,  1.542578848951532E+02,  3.117631746472142E+02,  2.461047169696459E+06,  1.139181310319026E-05,  9.875036734805890E+01,  1.006141078836591E+02,  1.497352896308634E+08,  1.522074675238602E+08,  3.160164205109567E+07,
2461148.500000000, A.D. 2026-Apr-18 00:00:00.0000,  1.640563301004533E-02,  1.472782514256419E+08,  2.452992977871748E-03,  1.620697931982935E+02,  3.038788147183947E+02,  2.461047084179538E+06,  1.139187529118184E-05,  9.981933516768397E+01,  1.016649659114986E+02,  1.497347446959769E+08,  1.521912379663119E+08,  3.160146953844086E+07,
2461149.500000000, A.D. 2026-Apr-19 00:00:00.0000,  1.631395388021549E-02,  1.472838917698320E+08,  2.823099011171665E-03,  1.693948789312964E+02,  2.962984625869852E+02,  2.461046821051742E+06,  1.139281357828280E-05,  1.010709028151374E+02,  1.028980876214454E+02,  1.497265233666810E+08,  1.521691549635301E+08,  3.159886691082515E+07,
2461150.500000000, A.D. 2026-Apr-20 00:00:00.0000,  1.624403120690787E-02,  1.472791184166200E+08,  3.261428062972747E-03,  1.755251832001426E+02,  2.897435939728675E+02,  2.461046394710290E+06,  1.139458227054185E-05,  1.024908153175799E+02,  1.042999372377692E+02,  1.497110290444361E+08,  1.521429396722522E+08,  3.159396206482266E+07,
2461151.500000000, A.D. 2026-Apr-21 00:00:00.0000,  1.620273335900901E-02,  1.472639648194301E+08,  3.727165686269553E-03,  1.803189187457170E+02,  2.843879335766696E+02,  2.461045837498825E+06,  1.139705871642545E-05,  1.040464854737255E+02,  1.058385606157198E+02,  1.496893413032523E+08,  1.521147177870746E+08,  3.158709707103357E+07,
2461152.500000000, A.D. 2026-Apr-22 00:00:00.0000,  1.619391485722625E-02,  1.472393999763644E+08,  4.177171746495487E-03,  1.839199285479687E+02,  2.801327727768278E+02,  2.461045194415669E+06,  1.140006427521891E-05,  1.056923042512873E+02,  1.074688107256386E+02,  1.496630303470795E+08,  1.520866607177945E+08,  3.157876932172711E+07,
2461153.500000000, A.D. 2026-Apr-23 00:00:00.0000,  1.621802155544819E-02,  1.472071338616551E+08,  4.574237314533997E-03,  1.865416025795678E+02,  2.768153176675693E+02,  2.461044515412548E+06,  1.140339347801124E-05,  1.073774131566924E+02,  1.091400839545566E+02,  1.496338996719608E+08,  1.520606654822664E+08,  3.156954994968607E+07,
2461154.500000000, A.D. 2026-Apr-24 00:00:00.0000,  1.627242769908037E-02,  1.471693319068008E+08,  4.890986443328498E-03,  1.883708937201869E+02,  2.742972498078584E+02,  2.461043848081572E+06,  1.140684106322376E-05,  1.090531163672884E+02,  1.108037437647667E+02,  1.496037480809597E+08,  1.520381642551186E+08,  3.156000841991727E+07,
2461155.500000000, A.D. 2026-Apr-25 00:00:00.0000,  1.635221947573281E-02,  1.471283359957682E+08,  5.110594815064802E-03,  1.895422466378465E+02,  2.724856438945602E+02,  2.461043232644105E+06,  1.141022061325069E-05,  1.106779937843620E+02,  1.124182738467474E+02,  1.495742062441816E+08,  1.520200764925950E+08,  3.155066078055774E+07,
2461156.500000000, A.D. 2026-Apr-26 00:00:00.0000,  1.645108952184480E-02,  1.470864498740822E+08,  5.225791427578976E-03,  1.901382710810377E+02,  2.713298773528671E+02,  2.461042699669721E+06,  1.141337391313676E-05,  1.122202702874040E+02,  1.139516945825846E+02,  1.495466552879162E+08,  1.520068607017502E+08,  3.154194392822276E+07,
2461157.500000000, A.D. 2026-Apr-27 00:00:00.0000,  1.656211989788694E-02,  1.470458005470619E+08,  5.237272661108849E-03,  1.901969606608638E+02,  2.708141290953150E+02,  2.461042269904140E+06,  1.141617352046214E-05,  1.136580568518284E+02,  1.153818447123762E+02,  1.495222052376035E+08,  1.519986099281451E+08,  3.153420884456098E+07,
2461158.500000000, A.D. 2026-Apr-28 00:00:00.0000,  1.667837448399027E-02,  1.470082594111922E+08,  5.152166576851029E-03,  1.897184841963856E+02,  2.709515172887352E+02,  2.461041955280400E+06,  1.141852176354341E-05,  1.149783912439946E+02,  1.166954514293142E+02,  1.495017048303477E+08,  1.519951502495031E+08,  3.152772376800938E+07,
2461159.500000000, A.D. 2026-Apr-29 00:00:00.0000,  1.679331390597762E-02,  1.469754004658097E+08,  4.982771545185185E-03,  1.886701282311787E+02,  2.717805534498575E+02,  2.461041760374743E+06,  1.142034853447928E-05,  1.161758209041130E+02,  1.178867330334492E+02,  1.494857617879897E+08,  1.519961231101696E+08,  3.152268067065736E+07,
2461160.500000000, A.D. 2026-Apr-30 00:00:00.0000,  1.690107597219713E-02,  1.469484792352717E+08,  4.745545451272096E-03,  1.869902391985212E+02,  2.733626455362809E+02,  2.461041683894307E+06,  1.142160900601339E-05,  1.172509432853683E+02,  1.189559530108369E+02,  1.494747635702995E+08,  1.520010479053273E+08,  3.151920187518787E+07,
2461161.500000000, A.D. 2026-May-01 00:00:00.0000,  1.699665665502504E-02,  1.469284254298118E+08,  4.460221629742448E-03,  1.845935009709244E+02,  2.757781536440270E+02,  2.461041720038674E+06,  1.142228145573675E-05,  1.182090612405328E+02,  1.199080861854603E+02,  1.494688969519087E+08,  1.520093684740056E+08,  3.151734628454570E+07,
2461162.500000000, A.D. 2026-May-02 00:00:00.0000,  1.707600847410759E-02,  1.469158489767577E+08,  4.148905992936928E-03,  1.813817757981147E+02,  2.791167416667357E+02,  2.461041859706236E+06,  1.142236493572200E-05,  1.190589806583373E+02,  1.207516255820285E+02,  1.494681686919508E+08,  1.520204884071439E+08,  3.151711594103824E+07,
2461163.500000000, A.D. 2026-May-03 00:00:00.0000,  1.713606177784392E-02,  1.469110608415474E+08,  3.834987607124423E-03,  1.772672108024890E+02,  2.834553251145633E+02,  2.461042091546688E+06,  1.142187652150430E-05,  1.198119481112671E+02,  1.214975276387364E+02,  1.494724296297676E+08,  1.520337984179877E+08,  3.151846365369277E+07,
2461164.500000000, A.D. 2026-May-04 00:00:00.0000,  1.717467495690087E-02,  1.469141078024975E+08,  3.541622982208241E-03,  1.722155018505988E+02,  2.888157056545541E+02,  2.461042402842644E+06,  1.142084813421151E-05,  1.204807471296727E+02,  1.221583134007292E+02,  1.494814022990860E+08,  1.520486967956745E+08,  3.152130172553550E+07,
2461165.500000000, A.D. 2026-May-05 00:00:00.0000,  1.719052875753965E-02,  1.469248162653257E+08,  3.289486873571730E-03,  1.663111463908380E+02,  2.951000150784961E+02,  2.461042780178377E+06,  1.141932325142767E-05,  1.210789997968798E+02,  1.227473714055500E+02,  1.494947093657781E+08,  1.520646024662306E+08,  3.152551093209415E+07,
2461166.500000000, A.D. 2026-May-06 00:00:00.0000,  1.718299102267664E-02,  1.469428366105117E+08,  3.093669605999378E-03,  1.598250281827668E+02,  3.020235675286631E+02,  2.461043209843843E+06,  1.141735404974510E-05,  1.216207322228624E+02,  1.232785205006052E+02,  1.495118982153291E+08,  1.520809598201464E+08,  3.153094827676271E+07,
2461167.500000000, A.D. 2026-May-07 00:00:00.0000,  1.715198607125886E-02,  1.469676778308403E+08,  2.960363836223612E-03,  1.532344419210947E+02,  3.090949616262082E+02,  2.461043677931487E+06,  1.141499958625918E-05,  1.221202535773978E+02,  1.237658829248603E+02,  1.495324564409160E+08,  1.520972350509917E+08,  3.153745186581964E+07,
2461168.500000000, A.D. 2026-May-08 00:00:00.0000,  1.709790571845707E-02,  1.469987225076936E+08,  2.885037283751691E-03,  1.471493498184237E+02,  3.156896130170097E+02,  2.461044170106164E+06,  1.141232553967724E-05,  1.225923744470572E+02,  1.242240950400848E+02,  1.495558137101570E+08,  1.521129049126204E+08,  3.154484147410513E+07,
2461169.500000000, A.D. 2026-May-09 00:00:00.0000,  1.702159766304350E-02,  1.470352139886467E+08,  2.853796074588395E-03,  1.421706971280477E+02,  3.211908965492638E+02,  2.461044671060991E+06,  1.140940583684509E-05,  1.230529557883884E+02,  1.246688494680505E+02,  1.495813271574245E+08,  1.521274403262023E+08,  3.155291389823563E+07,
2461170.500000000, A.D. 2026-May-10 00:00:00.0000,  1.692446283009208E-02,  1.470762107257202E+08,  2.847890605554162E-03,  1.387776363424587E+02,  3.251021047879161E+02,  2.461045163720400E+06,  1.140632619661475E-05,  1.235197286833577E+02,  1.251177121388992E+02,  1.496082499917812E+08,  1.521402892578422E+08,  3.156143299731718E+07,
2461171.500000000, A.D. 2026-May-11 00:00:00.0000,  1.680868436574330E-02,  1.471205079918329E+08,  2.849580292438390E-03,  1.373084706475971E+02,  3.270645554697300E+02,  2.461045628335749E+06,  1.140318916350354E-05,  1.240132375679626E+02,  1.255910710163299E+02,  1.496356870248854E+08,  1.521508660579378E+08,  3.157011559118896E+07,
2461172.500000000, A.D. 2026-May-12 00:00:00.0000,  1.667758983336691E-02,  1.471665368938543E+08,  2.847730803078129E-03,  1.380062159539046E+02,  3.268112426413937E+02,  2.461046041764943E+06,  1.140011944721935E-05,  1.245576082807845E+02,  1.261129224051429E+02,  1.496625474740432E+08,  1.521585580542321E+08,  3.157861649316395E+07,
2461173.500000000, A.D. 2026-May-13 00:00:00.0000,  1.653610142626856E-02,  1.472122675161811E+08,  2.842587346762964E-03,  1.410489448700528E+02,  3.241363860756721E+02,  2.461046377442482E+06,  1.139726724458650E-05,  1.251806193372234E+02,  1.267109768949308E+02,  1.496875154539742E+08,  1.521627633917672E+08,  3.158651914308612E+07,
2461174.500000000, A.D. 2026-May-14 00:00:00.0000,  1.639114510829497E-02,  1.472551669393769E+08,  2.848981226847114E-03,  1.464886523224719E+02,  3.189578850690981E+02,  2.461046606760099E+06,  1.139480592654105E-05,  1.259123311859810E+02,  1.274153392293045E+02,  1.497090700302710E+08,  1.521629731211650E+08,  3.159334194200532E+07,
2461175.500000000, A.D. 2026-May-15 00:00:00.0000,  1.625177993943513E-02,  1.472922840975162E+08,  2.895095786474822E-03,  1.540672081601535E+02,  3.115048630225882E+02,  2.461046702567714E+06,  1.139291994328002E-05,  1.267815313386557E+02,  1.282550105677376E+02,  1.497255914612461E+08,  1.521588988249761E+08,  3.159857190187154E+07,
2461176.500000000, A.D. 2026-May-16 00:00:00.0000,  1.612874000905350E-02,  1.473205276053858E+08,  3.012346760408850E-03,  1.630228387554583E+02,  3.025170256722869E+02,  2.461046644910423E+06,  1.139178068036440E-05,  1.278098525395412E+02,  1.292520485706659E+02,  1.497355737444159E+08,  1.521506198834461E+08,  3.160173199441233E+07,
2461177.500000000, A.D. 2026-May-17 00:00:00.0000,  1.603317818522599E-02,  1.473371406237596E+08,  3.217234942152959E-03,  1.721826005027790E+02,  2.931591537915123E+02,  2.461046427756614E+06,  1.139151346955320E-05,  1.290048099275322E+02,  1.304146018960778E+02,  1.497379153008626E+08,  1.521386899779657E+08,  3.160247327646094E+07,
2461178.500000000, A.D. 2026-May-18 00:00:00.0000,  1.597474896370606E-02,  1.473402610074036E+08,  3.497767312388256E-03,  1.804363392164475E+02,  2.845524223777377E+02,  2.461046063932721E+06,  1.139216624293319E-05,  1.303545912482136E+02,  1.317316332195894E+02,  1.497321952381172E+08,  1.521241294688307E+08,  3.160066244848873E+07,
2461179.500000000, A.D. 2026-May-19 00:00:00.0000,  1.595963348699170E-02,  1.473293551194744E+08,  3.816897828336541E-03,  1.871597771207188E+02,  2.773517703904189E+02,  2.461045585232856E+06,  1.139369372496926E-05,  1.318277239561378E+02,  1.331724647952114E+02,  1.497188124929698E+08,  1.521082698664652E+08,  3.159642594315666E+07,
2461180.500000000, A.D. 2026-May-20 00:00:00.0000,  1.598931747064010E-02,  1.473053309299669E+08,  4.128416754546275E-03,  1.922272612896875E+02,  2.717276920963111E+02,  2.461045036742046E+06,  1.139596548835357E-05,  1.333786705267542E+02,  1.346922410858555E+02,  1.496989143972751E+08,  1.520924978645833E+08,  3.159012725757305E+07,
2461181.500000000, A.D. 2026-May-21 00:00:00.0000,  1.606060993872024E-02,  1.472702897097940E+08,  4.391937206082427E-03,  1.957826948695962E+02,  2.675861082878818E+02,  2.461044467635615E+06,  1.139879414100380E-05,  1.349571207405685E+02,  1.362411282347714E+02,  1.496741478157735E+08,  1.520780059217530E+08,  3.158228805141818E+07,
2461182.500000000, A.D. 2026-May-22 00:00:00.0000,  1.616674494483929E-02,  1.472270531834643E+08,  4.580413019374126E-03,  1.980383759507243E+02,  2.647605796055814E+02,  2.461043922420835E+06,  1.140197067641632E-05,  1.365169674854436E+02,  1.377732628936687E+02,  1.496463475156771E+08,  1.520656418478898E+08,  3.157348937448322E+07,
2461183.500000000, A.D. 2026-May-23 00:00:00.0000,  1.629895190211743E-02,  1.471786716854100E+08,  4.681165254961366E-03,  1.991756063418481E+02,  2.631060255156727E+02,  2.461043435546475E+06,  1.140529398795914E-05,  1.380219497035236E+02,  1.392524245958759E+02,  1.496172764784583E+08,  1.520558812715065E+08,  3.156428938877517E+07,
2461184.500000000, A.D. 2026-May-24 00:00:00.0000,  1.644788130894508E-02,  1.471280597280911E+08,  4.693594432206541E-03,  1.993134410680028E+02,  2.625282193364086E+02,  2.461043029914145E+06,  1.140858828488533E-05,  1.394473505024685E+02,  1.406537907272395E+02,  1.495884731801444E+08,  1.520488866321977E+08,  3.155517501468136E+07,
2461185.500000000, A.D. 2026-May-25 00:00:00.0000,  1.660457136805198E-02,  1.470777997354435E+08,  4.626080483518449E-03,  1.985074589497478E+02,  2.629860448996585E+02,  2.461042718096196E+06,  1.141170911591445E-05,  1.407789117992536E+02,  1.419629084849430E+02,  1.495611993438398E+08,  1.520445989522361E+08,  3.154654542481758E+07,
2461186.500000000, A.D. 2026-May-26 00:00:00.0000,  1.676094220276618E-02,  1.470300798805679E+08,  4.493343829503634E-03,  1.967597108074919E+02,  2.644837912864050E+02,  2.461042504684536E+06,  1.141454211622001E-05,  1.420105472266423E+02,  1.431734511001433E+02,  1.495364517047988E+08,  1.520428235290296E+08,  3.153871581834561E+07,
2461187.500000000, A.D. 2026-May-27 00:00:00.0000,  1.690995856457505E-02,  1.469867081302109E+08,  4.314585255485416E-03,  1.940351684059602E+02,  2.670570234700026E+02,  2.461042388653182E+06,  1.141699869291951E-05,  1.431419953206372E+02,  1.442848975116607E+02,  1.495150005950558E+08,  1.520432930599006E+08,  3.153192968509855E+07,
2461188.500000000, A.D. 2026-May-28 00:00:00.0000,  1.704562213620832E-02,  1.469491538155430E+08,  4.112150401507268E-03,  1.902877389413858E+02,  2.707484287103369E+02,  2.461042365227806E+06,  1.141901147007544E-05,  1.441769448834222E+02,  1.453006708826414E+02,  1.494974305266340E+08,  1.520457072377250E+08,  3.152637169543204E+07,
2461189.500000000, A.D. 2026-May-29 00:00:00.0000,  1.716290971517181E-02,  1.469185878876334E+08,  3.910158144260625E-03,  1.855018710801829E+02,  2.755675063995178E+02,  2.461042427178108E+06,  1.142053080994266E-05,  1.451217335374405E+02,  1.462268422327295E+02,  1.494841712221667E+08,  1.520497545567001E+08,  3.152217755820822E+07,
2461190.500000000, A.D. 2026-May-30 00:00:00.0000,  1.725771716724906E-02,  1.468959106999078E+08,  3.732416023484029E-03,  1.797513292808749E+02,  2.814326244422143E+02,  2.461042565644741E+06,  1.142152266254202E-05,  1.459845150759225E+02,  1.470712993332277E+02,  1.494755168938909E+08,  1.520551230878741E+08,  3.151944015141295E+07,
2461191.500000000, A.D. 2026-May-31 00:00:00.0000,  1.732682538762826E-02,  1.468817676445618E+08,  3.599159008034426E-03,  1.732594351572708E+02,  2.881112962509710E+02,  2.461042770656971E+06,  1.142196742158494E-05,  1.467747398051436E+02,  1.478432279920440E+02,  1.494716365921978E+08,  1.520615055398338E+08,  3.151821281854485E+07,
2461192.500000000, A.D. 2026-Jun-01 00:00:00.0000,  1.736787975933094E-02,  1.468765582976674E+08,  3.522974965903741E-03,  1.664201085000873E+02,  2.951994740431870E+02,  2.461043031467430E+06,  1.142185927478894E-05,  1.475028182899377E+02,  1.485527774025016E+02,  1.494725800960934E+08,  1.520686018945193E+08,  3.151851124576670E+07,
2461193.500000000, A.D. 2026-Jun-02 00:00:00.0000,  1.737936730348158E-02,  1.468804451588681E+08,  3.505536623959227E-03,  1.597389679617388E+02,  3.021806745246919E+02,  2.461043336776446E+06,  1.142120561321060E-05,  1.481798924713254E+02,  1.492108334582722E+02,  1.494782831455484E+08,  1.520761211322288E+08,  3.152031512186399E+07,
2461194.500000000, A.D. 2026-Jun-03 00:00:00.0000,  1.736058165207339E-02,  1.468933651516135E+08,  3.537178318862915E-03,  1.537089513245811E+02,  3.085505010006260E+02,  2.461043674867543E+06,  1.142002630237460E-05,  1.488176910478274E+02,  1.498288760746353E+02,  1.494885737421155E+08,  1.520837823326175E+08,  3.152357012742993E+07,
2461195.500000000, A.D. 2026-Jun-04 00:00:00.0000,  1.731157965190514E-02,  1.469150424649732E+08,  3.599842592399341E-03,  1.486987949536228E+02,  3.139282087007160E+02,  2.461044033641212E+06,  1.141835291624932E-05,  1.494284837394858E+02,  1.504189341307189E+02,  1.495031786503925E+08,  1.520913148358117E+08,  3.152818997980772E+07,
2461196.500000000, A.D. 2026-Jun-05 00:00:00.0000,  1.723314902647310E-02,  1.469449967350534E+08,  3.671768830383357E-03,  1.449200663168469E+02,  3.180895895634568E+02,  2.461044400521466E+06,  1.141622829866978E-05,  1.500251648590004E+02,  1.509936679013444E+02,  1.495217269380728E+08,  1.520984571410922E+08,  3.153405753474176E+07,
2461197.500000000, A.D. 2026-Jun-06 00:00:00.0000,  1.712681909671607E-02,  1.469825373539050E+08,  3.731805935661064E-03,  1.424673874096544E+02,  3.209265163822093E+02,  2.461044762220382E+06,  1.141370697122719E-05,  1.506214880639409E+02,  1.515666012226559E+02,  1.495437460393665E+08,  1.521049547248279E+08,  3.154102351738343E+07,
2461198.500000000, A.D. 2026-Jun-07 00:00:00.0000,  1.699495238239748E-02,  1.470267338478573E+08,  3.762430809939676E-03,  1.413858934572068E+02,  3.223791133999850E+02,  2.461045104381368E+06,  1.141085690076840E-05,  1.512324391756693E+02,  1.521524918996849E+02,  1.495686458621848E+08,  1.521105578765123E+08,  3.154890146556459E+07,
2461199.500000000, A.D. 2026-Jun-08 00:00:00.0000,  1.684095035878186E-02,  1.470763547695264E+08,  3.751811934429243E-03,  1.417303881662215E+02,  3.223761693646115E+02,  2.461045411187510E+06,  1.140776292331351E-05,  1.518746666705954E+02,  1.527677630287968E+02,  1.495956883305896E+08,  1.521150218916529E+08,  3.155745805904547E+07,
2461200.500000000, A.D. 2026-Jun-09 00:00:00.0000,  1.666958555651169E-02,  1.471297750805890E+08,  3.695710295433070E-03,  1.436024529714491E+02,  3.207977209961629E+02,  2.461045665126268E+06,  1.140453160958662E-05,  1.525667798949050E+02,  1.534308097908977E+02,  1.496239442200681E+08,  1.521181133595473E+08,  3.156639942120771E+07,
2461201.500000000, A.D. 2026-Jun-10 00:00:00.0000,  1.648742386274893E-02,  1.471848672701912E+08,  3.599764776616107E-03,  1.471576466866318E+02,  3.174680093706488E+02,  2.461045847246795E+06,  1.140129642782401E-05,  1.533291706736439E+02,  1.541618427705990E+02,  1.496522473034969E+08,  1.521196273368025E+08,  3.157535656396468E+07,
2461202.500000000, A.D. 2026-Jun-11 00:00:00.0000,  1.630321391305976E-02,  1.472389166313186E+08,  3.481865351776044E-03,  1.525623390100008E+02,  3.121997656937277E+02,  2.461045938390438E+06,  1.139822066419066E-05,  1.541828540154406E+02,  1.549817678947945E+02,  1.496791681276322E+08,  1.521194196239458E+08,  3.158387704591452E+07,
2461203.500000000, A.D. 2026-Jun-12 00:00:00.0000,  1.612800044174213E-02,  1.472886324577428E+08,  3.372639952775181E-03,  1.598626635020736E+02,  3.049278740187148E+02,  2.461045921882130E+06,  1.139549404080071E-05,  1.551467954718028E+02,  1.559095699269857E+02,  1.497030432046781E+08,  1.521174539516133E+08,  3.159143418539353E+07,
2461204.500000000, A.D. 2026-Jun-13 00:00:00.0000,  1.597462212166809E-02,  1.473303458364960E+08,  3.309954272012401E-03,  1.687582027381502E+02,  2.959399786964801E+02,  2.461045787790307E+06,  1.139331848566598E-05,  1.562335562245135E+02,  1.569580192605546E+02,  1.497220998041296E+08,  1.521138537717632E+08,  3.159746657244056E+07,
2461205.500000000, A.D. 2026-Jun-14 00:00:00.0000,  1.585631189570606E-02,  1.473604548885583E+08,  3.324222762500364E-03,  1.784280325590773E+02,  2.860556274903796E+02,  2.461045537895458E+06,  1.139188097247937E-05,  1.574440636358304E+02,  1.581284844924016E+02,  1.497346949127025E+08,  1.521089349368466E+08,  3.160145377832616E+07,
2461206.500000000, A.D. 2026-Jun-15 00:00:00.0000,  1.578446396686929E-02,  1.473760699536381E+08,  3.420447737609094E-03,  1.877001623283926E+02,  2.764608180645713E+02,  2.461045189245527E+06,  1.139131782952858E-05,  1.587636351525967E+02,  1.594069464810942E+02,  1.497396297437405E+08,  1.521031895338429E+08,  3.160301603268480E+07,
2461207.500000000, A.D. 2026-Jun-16 00:00:00.0000,  1.576620170035408E-02,  1.473756571262805E+08,  3.572678947264032E-03,  1.955547573852980E+02,  2.682049033402382E+02,  2.461044773727677E+06,  1.139168274765950E-05,  1.601619323622106E+02,  1.607638722975870E+02,  1.497364319137236E+08,  1.520972067011667E+08,  3.160200367008681E+07,
2461208.500000000, A.D. 2026-Jun-17 00:00:00.0000,  1.580276694959576E-02,  1.473593988659979E+08,  3.737372252556984E-03,  2.014770240908983E+02,  2.618427245314596E+02,  2.461044332607264E+06,  1.139293316012048E-05,  1.615980786492561E+02,  1.621591995597667E+02,  1.497254756643388E+08,  1.520915524626797E+08,  3.159853524464924E+07,
2461209.500000000, A.D. 2026-Jun-18 00:00:00.0000,  1.588949210229341E-02,  1.473290957423431E+08,  3.873176944154893E-03,  2.054007108492546E+02,  2.574827107411662E+02,  2.461043907933121E+06,  1.139494203444397E-05,  1.630291970985423E+02,  1.635507382641891E+02,  1.497078778856584E+08,  1.520866600289736E+08,  3.159296457251058E+07,
2461210.500000000, A.D. 2026-Jun-19 00:00:00.0000,  1.601728552684429E-02,  1.472876734606589E+08,  3.953498508123647E-03,  2.074714964303683E+02,  2.550154136082271E+02,  2.461043534617155E+06,  1.139752890771081E-05,  1.644185759813842E+02,  1.649022496566767E+02,  1.496852244396587E+08,  1.520827754186585E+08,  3.158579398350530E+07,
2461211.500000000, A.D. 2026-Jun-20 00:00:00.0000,  1.617482374466531E-02,  1.472385425131418E+08,  3.969417064636143E-03,  2.078683061892579E+02,  2.542875010063404E+02,  2.461043236141796E+06,  1.140049569810645E-05,  1.657403762339798E+02,  1.661881372128278E+02,  1.496592545776941E+08,  1.520799666422463E+08,  3.157757430317647E+07,
2461212.500000000, A.D. 2026-Jun-21 00:00:00.0000,  1.635053488261407E-02,  1.471850583200670E+08,  3.926962634369183E-03,  2.067277240325607E+02,  2.551766573827296E+02,  2.461043024317951E+06,  1.140365462025874E-05,  1.669802812945049E+02,  1.673941343508841E+02,  1.496316152649992E+08,  1.520781722099314E+08,  3.156882701098781E+07,
2461213.500000000, A.D. 2026-Jun-22 00:00:00.0000,  1.653386872408023E-02,  1.471302008515666E+08,  3.842727897142472E-03,  2.041372128306794E+02,  2.576003388642930E+02,  2.461042901606578E+06,  1.140684321441701E-05,  1.681334605207371E+02,  1.685153283598696E+02,  1.496037292719824E+08,  1.520772576923982E+08,  3.156000246807979E+07,
2461214.500000000, A.D. 2026-Jun-23 00:00:00.0000,  1.671582582901626E-02,  1.470764625304379E+08,  3.739762635323622E-03,  2.001683316875152E+02,  2.614854256164113E+02,  2.461042864184246E+06,  1.140992821478251E-05,  1.692016419025277E+02,  1.695532899881328E+02,  1.495767616258437E+08,  1.520770607212496E+08,  3.155146931893841E+07,
2461215.500000000, A.D. 2026-Jun-24 00:00:00.0000,  1.688897577491411E-02,  1.470258707776645E+08,  3.643950979466586E-03,  1.949363681610799E+02,  2.667111601994041E+02,  2.461042904582242E+06,  1.141280272920038E-05,  1.701905000974829E+02,  1.705135020987636E+02,  1.495516448852296E+08,  1.520774189927948E+08,  3.154352252833716E+07,
2461216.500000000, A.D. 2026-Jun-25 00:00:00.0000,  1.704722999709520E-02,  1.469800692378892E+08,  3.580206801439843E-03,  1.886700754209797E+02,  2.730412199828592E+02,  2.461043013487054E+06,  1.141538088080311E-05,  1.711078234240699E+02,  1.714035494654065E+02,  1.495291266511766E+08,  1.520781840644640E+08,  3.153639845740065E+07,
2461217.500000000, A.D. 2026-Jun-26 00:00:00.0000,  1.718556286174366E-02,  1.469404053754708E+08,  3.568018086932128E-03,  1.817544242428601E+02,  2.800820205869684E+02,  2.461043180754803E+06,  1.141759259691733E-05,  1.719624490669542E+02,  1.722320628641820E+02,  1.495098157118342E+08,  1.520792260481977E+08,  3.153028950228944E+07,
2461218.500000000, A.D. 2026-Jun-27 00:00:00.0000,  1.729978719445942E-02,  1.469079973705021E+08,  3.617076392900344E-03,  1.746985836741538E+02,  2.873152308562315E+02,  2.461043395864458E+06,  1.141937984010528E-05,  1.727637668922168E+02,  1.730082230940449E+02,  1.494942154851986E+08,  1.520804335998952E+08,  3.152535470758813E+07,
2461219.500000000, A.D. 2026-Jun-28 00:00:00.0000,  1.738642462333161E-02,  1.468837712722871E+08,  3.724921385565246E-03,  1.680226973253054E+02,  2.942111490821666E+02,  2.461043648042209E+06,  1.142069463505886E-05,  1.735215705418045E+02,  1.737416082063717E+02,  1.494827416932253E+08,  1.520817121141635E+08,  3.152172538567701E+07,
2461220.500000000, A.D. 2026-Jun-29 00:00:00.0000,  1.744267046728895E-02,  1.468684700849788E+08,  3.878022416835567E-03,  1.621306148695401E+02,  3.003559542098823E+02,  2.461043926235199E+06,  1.142149870542620E-05,  1.742460790540444E+02,  1.744422105768811E+02,  1.494757259149725E+08,  1.520829817449662E+08,  3.151950626488001E+07,
2461221.500000000, A.D. 2026-Jun-30 00:00:00.0000,  1.746643118482807E-02,  1.468626419860593E+08,  4.055595717912649E-03,  1.572494738996613E+02,  3.055120529222905E+02,  2.461044219048541E+06,  1.142176426533700E-05,  1.749480108161998E+02,  1.751205077385498E+02,  1.494734089982896E+08,  1.520841760105200E+08,  3.151877342562001E+07,
2461222.500000000, A.D. 2026-Jul-01 00:00:00.0000,  1.745640402276565E-02,  1.468666168236801E+08,  4.234054413314189E-03,  1.534511834239974E+02,  3.095965352077295E+02,  2.461044514703710E+06,  1.142147542502533E-05,  1.756386450076622E+02,  1.757875230629179E+02,  1.494759290325505E+08,  1.520852412414210E+08,  3.151957051111037E+07,
2461223.500000000, A.D. 2026-Jul-02 00:00:00.0000,  1.741217084548633E-02,  1.468804790908871E+08,  4.390499116995460E-03,  1.507138122224415E+02,  3.126197581475169E+02,  2.461044801034597E+06,  1.142062973675935E-05,  1.763298476535159E+02,  1.764548533219321E+02,  1.494833079881248E+08,  1.520861368853625E+08,  3.152190450945759E+07,
2461224.500000000, A.D. 2026-Jul-03 00:00:00.0000,  1.733428944128134E-02,  1.469040421717115E+08,  4.504890583960248E-03,  1.489811118736383E+02,  3.146258252260033E+02,  2.461045065513669E+06,  1.141923960654776E-05,  1.770340659628323E+02,  1.771346660167829E+02,  1.494954393882184E+08,  1.520868366047254E+08,  3.152574185356238E+07,
2461225.500000000, A.D. 2026-Jul-04 00:00:00.0000,  1.722438266004883E-02,  1.469368236811936E+08,  4.561276433026771E-03,  1.482042417042895E+02,  3.156508852787967E+02,  2.461045295299164E+06,  1.141733358141074E-05,  1.777643005585066E+02,  1.778396751107080E+02,  1.495120769061233E+08,  1.520873301310530E+08,  3.153100480362053E+07,
2461226.500000000, A.D. 2026-Jul-05 00:00:00.0000,  1.708524274353088E-02,  1.469780168014527E+08,  4.548585462660848E-03,  1.483675769905365E+02,  3.156973806627664E+02,  2.461045477319110E+06,  1.141495780150248E-05,  1.785340451645027E+02,  1.785830842512109E+02,  1.495328213523832E+08,  1.520876259033137E+08,  3.153756730950117E+07,
2461227.500000000, A.D. 2026-Jul-06 00:00:00.0000,  1.692097726457561E-02,  1.470264498582533E+08,  4.461415725924374E-03,  1.495053191217526E+02,  3.147175846956874E+02,  2.461045598460508E+06,  1.141217805969994E-05,  1.793571342924390E+02,  1.793784387114715E+02,  1.495571021840656E+08,  1.520877545098779E+08,  3.154524912919782E+07,
2461228.500000000, A.D. 2026-Jul-07 00:00:00.0000,  1.673721516629525E-02,  1.470805284862190E+08,  4.301130226462700E-03,  1.517135025975192E+02,  3.126019657377863E+02,  2.461410852109807E+06,  1.140908280475953E-05,  1.802473643165541E+02,  1.802392537836529E+02,  1.495841506002834E+08,  1.520877727143479E+08,  3.155380727448300E+07,
2461229.500000000, A.D. 2026-Jul-08 00:00:00.0000,  1.654135721341971E-02,  1.471381641377247E+08,  4.077422969364270E-03,  1.551561204188839E+02,  3.091738717506530E+02,  2.461410920182710E+06,  1.140578692648304E-05,  1.812176684801001E+02,  1.811782041988123E+02,  1.496129656462382E+08,  1.520877671547517E+08,  3.156292523439288E+07,
2461230.500000000, A.D. 2026-Jul-09 00:00:00.0000,  1.634278794054718E-02,  1.471967112731555E+08,  3.810162947756308E-03,  1.600526146832474E+02,  3.042035512973822E+02,  2.461410896631803E+06,  1.140243517916085E-05,  1.822785781816334E+02,  1.822056117871872E+02,  1.496422833773304E+08,  1.520878554815054E+08,  3.157220316042120E+07,
2461231.500000000, A.D. 2026-Jul-10 00:00:00.0000,  1.615287138528783E-02,  1.472529619162845E+08,  3.530465701781615E-03,  1.666133103243089E+02,  2.974751123659859E+02,  2.461410772824742E+06,  1.139920270827580E-05,  1.834357879309509E+02,  1.833270520916386E+02,  1.496705714063742E+08,  1.520881808964640E+08,  3.158115608722711E+07,
2461232.500000000, A.D. 2026-Jul-11 00:00:00.0000,  1.598446906095304E-02,  1.473032700508517E+08,  3.278357888081839E-03,  1.748710049188543E+02,  2.889580364539351E+02,  2.461410547934236E+06,  1.139628887290776E-05,  1.846869962303741E+02,  1.845402496998407E+02,  1.496960824493085E+08,  1.520888948477654E+08,  3.158923084652784E+07,
2461233.500000000, A.D. 2026-Jul-12 00:00:00.0000,  1.585073619816785E-02,  1.473438751079530E+08,  3.093185865481320E-03,  1.844099146162887E+02,  2.790812031201319E+02,  2.461410232308442E+06,  1.139390065144070E-05,  1.860188805254157E+02,  1.858321072688416E+02,  1.497169997757801E+08,  1.520901244436071E+08,  3.159585211535786E+07,
2461234.500000000, A.D. 2026-Jul-13 00:00:00.0000,  1.576318319619104E-02,  1.473714327204262E+08,  2.996607305235846E-03,  1.942069082691539E+02,  2.688929095021791E+02,  2.461409849230748E+06,  1.139222497276550E-05,  1.874058146947397E+02,  1.871774519735561E+02,  1.497316806325100E+08,  1.520919285445939E+08,  3.160049953899469E+07,
2461235.500000000, A.D. 2026-Jul-14 00:00:00.0000,  1.572943700968758E-02,  1.473836393701329E+08,  2.979328475863022E-03,  2.029236774869439E+02,  2.597665822466004E+02,  2.461409433251324E+06,  1.139139554106053E-05,  1.888120111474223E+02,  1.885411544580907E+02,  1.497389487321115E+08,  1.520942580940900E+08,  3.160280043848642E+07,
2461236.500000000, A.D. 2026-Jul-15 00:00:00.0000,  1.575154674263091E-02,  1.473797223467702E+08,  3.006628999800918E-03,  2.095058405515861E+02,  2.527958268260311E+02,  2.461409024525533E+06,  1.139146583917581E-05,  1.901974545477594E+02,  1.898839773837204E+02,  1.497383326933532E+08,  1.520969430399362E+08,  3.160260541377761E+07,
2461237.500000000, A.D. 2026-Jul-16 00:00:00.0000,  1.582563483026669E-02,  1.473605700665877E+08,  3.039415300932313E-03,  2.134804002908285E+02,  2.484892645571805E+02,  2.461408660912967E+06,  1.139240027013315E-05,  1.915257342706183E+02,  1.911702828244302E+02,  1.497301446590447E+08,  1.520997192515018E+08,  3.160001329516071E+07,
2461238.500000000, A.D. 2026-Jul-17 00:00:00.0000,  1.594307140529792E-02,  1.473284407770964E+08,  3.052745691564568E-03,  2.148096029971947E+02,  2.469103366644730E+02,  2.461408371137544E+06,  1.139408744112604E-05,  1.927705022004189E+02,  1.923743715020001E+02,  1.497153635079741E+08,  1.521022862388519E+08,  3.159533414677942E+07,
2461239.500000000, A.D. 2026-Jul-18 00:00:00.0000,  1.609258093665930E-02,  1.472863986535173E+08,  3.042421276686293E-03,  2.136491104758745E+02,  2.479165156179707E+02,  2.461408171579485E+06,  1.139636866287107E-05,  1.939181613612961E+02,  1.934831010182439E+02,  1.496953837320700E+08,  1.521043688106226E+08,  3.158900967927321E+07,
2461240.500000000, A.D. 2026-Jul-19 00:00:00.0000,  1.626237060931327E-02,  1.472377234936658E+08,  3.022263718690243E-03,  2.102383838849877E+02,  2.512700874089965E+02,  2.461408066974343E+06,  1.139906911320272E-05,  1.949667101316314E+02,  1.944947205164454E+02,  1.496717408124997E+08,  1.521057581313336E+08,  3.158152621278854E+07,
2461241.500000000, A.D. 2026-Jul-20 00:00:00.0000,  1.644162802654341E-02,  1.471854799447075E+08,  3.016997381378195E-03,  2.049255665161785E+02,  2.566165622094546E+02,  2.461408053459593E+06,  1.140202157085374E-05,  1.959224135921499E+02,  1.954155772645647E+02,  1.496459022044495E+08,  1.521063244641915E+08,  3.157334844202059E+07,
2461242.500000000, A.D. 2026-Jul-21 00:00:00.0000,  1.662121997111863E-02,  1.471323031575472E+08,  3.053453396330256E-03,  1.982373010939968E+02,  2.634184160039430E+02,  2.461408122084857E+06,  1.140507907089776E-05,  1.967961910735855E+02,  1.962565572675129E+02,  1.496191560623527E+08,  1.521060089671582E+08,  3.156488418555631E+07,
2461243.500000000, A.D. 2026-Jul-22 00:00:00.0000,  1.679376850634519E-02,  1.470803603102346E+08,  3.151786926868395E-03,  1.908770641609298E+02,  2.709594760487558E+02,  2.461408261604143E+06,  1.140811807827853E-05,  1.976008462705088E+02,  1.970303647793811E+02,  1.495925835282746E+08,  1.521048067463145E+08,  3.155647561936207E+07,
2461244.500000000, A.D. 2026-Jul-23 00:00:00.0000,  1.695338553773154E-02,  1.470314136710551E+08,  3.319307077970979E-03,  1.835873326421427E+02,  2.784843549449100E+02,  2.461408460194906E+06,  1.141103585898912E-05,  1.983494306722598E+02,  1.977499210430248E+02,  1.495670820772645E+08,  1.521027504834738E+08,  3.154840668705879E+07,
2461245.500000000, A.D. 2026-Jul-24 00:00:00.0000,  1.709529981650835E-02,  1.469869202057132E+08,  3.549409498014900E-03,  1.769536256112140E+02,  2.853950784156401E+02,  2.461408706242562E+06,  1.141374548538803E-05,  1.990545539705110E+02,  1.984276942508611E+02,  1.495434096289022E+08,  1.520998990520912E+08,  3.154091708640910E+07,
2461246.500000000, A.D. 2026-Jul-25 00:00:00.0000,  1.721552081698387E-02,  1.469481258130976E+08,  3.825130421850211E-03,  1.712985538006340E+02,  2.913570979357573E+02,  2.461408988489686E+06,  1.141617081546312E-05,  1.997283150315139E+02,  1.990756370615220E+02,  1.495222288565798E+08,  1.520963319000621E+08,  3.153421631641870E+07,
2461247.500000000, A.D. 2026-Jul-26 00:00:00.0000,  1.731060978740441E-02,  1.469161324847204E+08,  4.124167428311588E-03,  1.667104327977966E+02,  2.962704222811842E+02,  2.461409295831680E+06,  1.141824274547081E-05,  2.003825593731407E+02,  1.997054416409366E+02,  1.495041403193907E+08,  1.520921481540611E+08,  3.152849418469392E+07,
2461248.500000000, A.D. 2026-Jul-27 00:00:00.0000,  1.737758169520114E-02,  1.468919298611742E+08,  4.422763142801123E-03,  1.631361489128454E+02,  3.001763901028796E+02,  2.461409616970309E+06,  1.141989732210480E-05,  2.010292481284833E+02,  2.003289010910769E+02,  1.494896993237639E+08,  1.520874687863536E+08,  3.152392616553302E+07,
2461249.500000000, A.D. 2026-Jul-28 00:00:00.0000,  1.741393502990840E-02,  1.468763904907276E+08,  4.697901180282769E-03,  1.604653312298104E+02,  3.031731713300898E+02,  2.461409940070934E+06,  1.142107585545078E-05,  2.016807937587452E+02,  2.009582358953692E+02,  1.494794153173731E+08,  1.520824401440185E+08,  3.152067323221461E+07,
2461250.500000000, A.D. 2026-Jul-29 00:00:00.0000,  1.741778934538244E-02,  1.468702332638555E+08,  4.928426775370367E-03,  1.585815656986269E+02,  3.053643525579967E+02,  2.461410252521701E+06,  1.142172686496355E-05,  2.023502686103985E+02,  2.016062943146820E+02,  1.494737352979425E+08,  1.520772373320295E+08,  3.151887663364719E+07,
2461251.500000000, A.D. 2026-Jul-30 00:00:00.0000,  1.738809746553852E-02,  1.468739635579223E+08,  5.095777732746175E-03,  1.573866573758027E+02,  3.068346542876980E+02,  2.461410540858156E+06,  1.142180943593823E-05,  2.030514300529364E+02,  2.022865727132272E+02,  1.494730149096389E+08,  1.520720662613556E+08,  3.151864877619788E+07,
2461252.500000000, A.D. 2026-Jul-31 00:00:00.0000,  1.732489048667174E-02,  1.468878015603954E+08,  5.184699495716968E-03,  1.568100275071536E+02,  3.076407172853191E+02,  2.461410790888292E+06,  1.142129736762027E-05,  2.037985367817253E+02,  2.030130318235851E+02,  1.494774825762523E+08,  1.520671635921093E+08,  3.152006189950112E+07,
2461253.500000000, A.D. 2026-Aug-01 00:00:00.0000,  1.722951236743150E-02,  1.469116110242356E+08,  5.184044922209561E-03,  1.568121395474735E+02,  3.078080652696858E+02,  2.461410988030254E+06,  1.142018342114793E-05,  2.046059545993526E+02,  2.037997076340322E+02,  1.494872026307346E+08,  1.520627942372336E+08,  3.152313642645624E+07,
2461254.500000000, A.D. 2026-Aug-02 00:00:00.0000,  1.710480938040936E-02,  1.469448384674077E+08,  5.087623110620576E-03,  1.573870175736800E+02,  3.073291739220410E+02,  2.461411117864636E+06,  1.141848308917375E-05,  2.054875588868095E+02,  2.046601234529795E+02,  1.495020424047224E+08,  1.520592463420371E+08,  3.152783055231988E+07,
2461255.500000000, A.D. 2026-Aug-03 00:00:00.0000,  1.695525525615190E-02,  1.469864681124058E+08,  4.895039836194596E-03,  1.585665188667861E+02,  3.061599927068729E+02,  2.461411166914197E+06,  1.141623759316256E-05,  2.064559267124145E+02,  2.056064949025066E+02,  1.495216457829760E+08,  1.520568234535463E+08,  3.153403186139118E+07,
2461256.500000000, A.D. 2026-Aug-04 00:00:00.0000,  1.678700625327216E-02,  1.470349931914701E+08,  4.612511429513705E-03,  1.604276549803273E+02,  3.042136691000084E+02,  2.461411123696227E+06,  1.141351613435175E-05,  2.075212755388154E+02,  2.066486839463317E+02,  1.495454129742165E+08,  1.520558327569629E+08,  3.154155089127116E+07,
2461257.500000000, A.D. 2026-Aug-05 00:00:00.0000,  1.660787908814943E-02,  1.470884033902810E+08,  4.253665338054905E-03,  1.631027543207798E+02,  3.013517602981902E+02,  2.461410980127118E+06,  1.141041755709482E-05,  2.086900700721127E+02,  2.077928238674666E+02,  1.495724851383731E+08,  1.520565668864653E+08,  3.155011621605008E+07,
2461258.500000000, A.D. 2026-Aug-06 00:00:00.0000,  1.642721997134405E-02,  1.471441943102942E+08,  3.840277550485334E-03,  1.667883752602667E+02,  2.973770852936682E+02,  2.461410733347364E+06,  1.140707131364661E-05,  2.099632334666956E+02,  2.090395533041836E+02,  1.496017349178850E+08,  1.520592755254757E+08,  3.155937138477617E+07,
2461259.500000000, A.D. 2026-Aug-07 00:00:00.0000,  1.625558918671765E-02,  1.471994179383572E+08,  3.402622677934850E-03,  1.717377991196667E+02,  2.920433137803115E+02,  2.461410387906704E+06,  1.140363687087916E-05,  2.113340345630008E+02,  2.103819335639456E+02,  1.496317705293637E+08,  1.520641231203703E+08,  3.156887614681175E+07,
2461260.500000000, A.D. 2026-Aug-08 00:00:00.0000,  1.610414839324765E-02,  1.472508075916576E+08,  2.978462729351000E-03,  1.781963652113836E+02,  2.851216442691190E+02,  2.461409957941770E+06,  1.140029968189189E-05,  2.127860358325424E+02,  2.118034347100283E+02,  1.496609700622169E+08,  1.520711325327762E+08,  3.157811724649835E+07,
2461261.500000000, A.D. 2026-Aug-09 00:00:00.0000,  1.598365592038085E-02,  1.472950138709832E+08,  2.608625307892893E-03,  1.862063475265626E+02,  2.765970441027877E+02,  2.461409468526674E+06,  1.139726119064562E-05,  2.142919342229094E+02,  2.132768182716746E+02,  1.496875684608194E+08,  1.520801230506555E+08,  3.158653592105728E+07,
2461262.500000000, A.D. 2026-Aug-10 00:00:00.0000,  1.590310027439952E-02,  1.473289632952513E+08,  2.326754854530487E-03,  1.952565219402520E+02,  2.670177572787173E+02,  2.461408955029561E+06,  1.139472104882217E-05,  2.158144524246713E+02,  2.147650619861602E+02,  1.497098134709414E+08,  1.520906636466314E+08,  3.159357727648908E+07,
2461263.500000000, A.D. 2026-Aug-11 00:00:00.0000,  1.586823172788385E-02,  1.473502918556198E+08,  2.145250730590728E-03,  2.040430221843168E+02,  2.577306011372007E+02,  2.461408459529493E+06,  1.139285258623975E-05,  2.173101796374615E+02,  2.162252074753893E+02,  1.497261816009956E+08,  1.521020713463715E+08,  3.159875871955079E+07,
2461264.500000000, A.D. 2026-Aug-12 00:00:00.0000,  1.588046852172398E-02,  1.473577347203222E+08,  2.049638565034189E-03,  2.108399174612715E+02,  2.505038873363021E+02,  2.461408024468643E+06,  1.139177696483639E-05,  2.187361092291316E+02,  2.176148626852737E+02,  1.497356063027950E+08,  1.521134778852678E+08,  3.160174230159451E+07,
2461265.500000000, A.D. 2026-Aug-13 00:00:00.0000,  1.593665675845965E-02,  1.473513248654010E+08,  2.012450518801195E-03,  2.143199301864060E+02,  2.466994136355647E+02,  2.461407685331406E+06,  1.139154462593682E-05,  2.200570086645864E+02,  2.188994940018555E+02,  1.497376422741450E+08,  1.521239596828890E+08,  3.160238684228429E+07,
2461266.500000000, A.D. 2026-Aug-14 00:00:00.0000,  1.602985035640316E-02,  1.473323113014260E+08,  2.015859084593191E-03,  2.140065152190005E+02,  2.468150072725085E+02,  2.461407465050949E+06,  1.139213136104804E-05,  2.212508985643250E+02,  2.200578055916618E+02,  1.497325008840879E+08,  1.521326904667498E+08,  3.160075920743957E+07,
2461267.500000000, A.D. 2026-Aug-15 00:00:00.0000,  1.615081656331072E-02,  1.473028295556948E+08,  2.062921791727627E-03,  2.102340397191129E+02,  2.505227613036369E+02,  2.461407372102287E+06,  1.139345029306386E-05,  2.223107270099070E+02,  2.210833250256710E+02,  1.497209450752913E+08,  1.521390605948879E+08,  3.159710103085821E+07,
2461268.500000000, A.D. 2026-Aug-16 00:00:00.0000,  1.628968972884653E-02,  1.472654599383635E+08,  2.171521729095537E-03,  2.040041141668318E+02,  2.568148442910350E+02,  2.461407402325054E+06,  1.139537415609639E-05,  2.232422814118270E+02,  2.219822639030311E+02,  1.497040931671954E+08,  1.521427263960273E+08,  3.159176654216344E+07,
2461269.500000000, A.D. 2026-Aug-17 00:00:00.0000,  1.643726067288135E-02,  1.472228265220674E+08,  2.358468635133802E-03,  1.967151705392469E+02,  2.642781388446406E+02,  2.461407542911975E+06,  1.139775916921174E-05,  2.240599796033487E+02,  2.227693018141719E+02,  1.496832084375080E+08,  1.521435903529485E+08,  3.158515587629296E+07,
2461270.500000000, A.D. 2026-Aug-18 00:00:00.0000,  1.658567844930107E-02,  1.471773304444964E+08,  2.626562395235659E-03,  1.896522122391058E+02,  2.716088470089873E+02,  2.461407776652989E+06,  1.140046361299970E-05,  2.247824890960768E+02,  2.234632311284352E+02,  1.496595353750996E+08,  1.521417403057028E+08,  3.157766317410986E+07,
2461271.500000000, A.D. 2026-Aug-19 00:00:00.0000,  1.672861922727774E-02,  1.471310330418123E+08,  2.963119246229026E-03,  1.835745033515183E+02,  2.780280630583883E+02,  2.461408085184058E+06,  1.140335837977030E-05,  2.254294250053234E+02,  2.240836946639068E+02,  1.496342067092267E+08,  1.521373803766411E+08,  3.156964711717248E+07,
2461272.500000000, A.D. 2026-Aug-20 00:00:00.0000,  1.686111217736551E-02,  1.470856535558842E+08,  3.346599307351233E-03,  1.787060898357848E+02,  2.832930797110775E+02,  2.461408450861083E+06,  1.140633026212917E-05,  2.260194836313985E+02,  2.246493578386323E+02,  1.496082144422503E+08,  1.521307753286165E+08,  3.156142174799700E+07,
2461273.500000000, A.D. 2026-Aug-21 00:00:00.0000,  1.697921694194387E-02,  1.470426315673101E+08,  3.753284158375173E-03,  1.749625513817259E+02,  2.874712532512839E+02,  2.461408857447337E+06,  1.140928034507244E-05,  2.265697961165483E+02,  2.251772912509578E+02,  1.495824239950234E+08,  1.521222164227367E+08,  3.155326095177253E+07,
2461274.500000000, A.D. 2026-Aug-22 00:00:00.0000,  1.707969230192807E-02,  1.470032118293156E+08,  4.160606889353017E-03,  1.721537119863371E+02,  2.907371109243046E+02,  2.461409290000889E+06,  1.141211995997567E-05,  2.270960934143167E+02,  2.256831523640170E+02,  1.495576097858700E+08,  1.521120077424245E+08,  3.154540972777922E+07,
2461275.500000000, A.D. 2026-Aug-23 00:00:00.0000,  1.715973696351556E-02,  1.469685228775106E+08,  4.547918387790084E-03,  1.700872929860595E+02,  2.932680962599074E+02,  2.461409734326836E+06,  1.141476610536996E-05,  2.276133024260085E+02,  2.261817869392705E+02,  1.495344954870402E+08,  1.521004680965698E+08,  3.153809694187617E+07,
2461276.500000000, A.D. 2026-Aug-24 00:00:00.0000,  1.721684319208216E-02,  1.469396320329965E+08,  4.896207256747102E-03,  1.686042079557632E+02,  2.952085358423232E+02,  2.461410176269386E+06,  1.141713764643609E-05,  2.281362882357467E+02,  2.266879672824660E+02,  1.495137874668679E+08,  1.520879429007392E+08,  3.153154592231580E+07,
2461277.500000000, A.D. 2026-Aug-25 00:00:00.0000,  1.724878172083928E-02,  1.469175663596036E+08,  5.187727467956365E-03,  1.675832000567104E+02,  2.966643295596452E+02,  2.461410601042039E+06,  1.141915319453039E-05,  2.286805372363703E+02,  2.272170646510309E+02,  1.494961935705992E+08,  1.520748207815948E+08,  3.152598041792057E+07,
2461278.500000000, A.D. 2026-Aug-26 00:00:00.0000,  1.725372251668037E-02,  1.469032934945938E+08,  5.405977251338043E-03,  1.669354572225650E+02,  2.977078868565769E+02,  2.461410992751701E+06,  1.142073130476463E-05,  2.292626202906689E+02,  2.277854978541588E+02,  1.494824217200733E+08,  1.520615499455529E+08,  3.152162417566125E+07,
2461279.500000000, A.D. 2026-Aug-27 00:00:00.0000,  1.723048073991473E-02,  1.468976607608944E+08,  5.536191826499853E-03,  1.665976234304910E+02,  2.983850264277499E+02,  2.461411334253509E+06,  1.142179336944638E-05,  2.299002967363553E+02,  2.284108222922023E+02,  1.494731550806457E+08,  1.520486494003971E+08,  3.151869311197752E+07,
2461280.500000000, A.D. 2026-Aug-28 00:00:00.0000,  1.717885484105074E-02,  1.469012976634858E+08,  5.566342681220070E-03,  1.665259750822482E+02,  2.987211810689415E+02,  2.461411607453399E+06,  1.142226918654820E-05,  2.306121443923639E+02,  2.291113486189373E+02,  1.494690039862011E+08,  1.520367103089165E+08,  3.151738013878760E+07,
2461281.500000000, A.D. 2026-Aug-29 00:00:00.0000,  1.709999561701836E-02,  1.469144959468880E+08,  5.488493790711159E-03,  1.666924153588534E+02,  2.987263151158496E+02,  2.461411794132000E+06,  1.142210460194100E-05,  2.314166511122567E+02,  2.299052306673274E+02,  1.494704398125565E+08,  1.520263836782250E+08,  3.151783428238118E+07,
2461282.500000000, A.D. 2026-Aug-30 00:00:00.0000,  1.699672080198299E-02,  1.469370903768647E+08,  5.300242170559503E-03,  1.670823006515601E+02,  2.983985173517561E+02,  2.461411877286459E+06,  1.142126998697185E-05,  2.323307878129359E+02,  2.308090456134445E+02,  1.494777214748900E+08,  1.520183525729153E+08,  3.152013746375395E+07,
2461283.500000000, A.D. 2026-Aug-31 00:00:00.0000,  1.687368346101456E-02,  1.469683678809733E+08,  5.005906660201809E-03,  1.676940109395553E+02,  2.977262348146405E+02,  2.461411842889352E+06,  1.141976789724113E-05,  2.333681849381543E+02,  2.318359890761135E+02,  1.494908288065802E+08,  1.520132897321872E+08,  3.152428343898053E+07,
2461284.500000000, A.D. 2026-Sep-01 00:00:00.0000,  1.673732323620104E-02,  1.470070289655533E+08,  4.617167350181948E-03,  1.685402269869884E+02,  2.966889800717651E+02,  2.461411681877203E+06,  1.141763833896410E-05,  2.345371190925268E+02,  2.329938897547235E+02,  1.495094163946055E+08,  1.520118038236578E+08,  3.153016318369935E+07,
2461285.500000000, A.D. 2026-Sep-02 00:00:00.0000,  1.659557226382730E-02,  1.470512138513880E+08,  4.152993935520414E-03,  1.696508736580193E+02,  2.952563111487261E+02,  2.461411392133451E+06,  1.141496068433914E-05,  2.358385556705519E+02,  2.342832851971172E+02,  1.495327961761413E+08,  1.520143785008946E+08,  3.153755934472077E+07,
2461286.500000000, A.D. 2026-Sep-03 00:00:00.0000,  1.645733342204799E-02,  1.470985919630915E+08,  3.638865694531903E-03,  1.710772950340019E+02,  2.933852767599532E+02,  2.461410980218192E+06,  1.141185211570095E-05,  2.372644937081822E+02,  2.356958004575457E+02,  1.495599499256020E+08,  1.520213078881124E+08,  3.154615012095150E+07,
2461287.500000000, A.D. 2026-Sep-04 00:00:00.0000,  1.633177830461888E-02,  1.471465043011231E+08,  3.105382786204706E-03,  1.728954951601157E+02,  2.910182427442736E+02,  2.461410462579875E+06,  1.140846304329917E-05,  2.387968662346070E+02,  2.372130799983395E+02,  1.495895679617583E+08,  1.520326316223934E+08,  3.155552142595125E+07,
2461288.500000000, A.D. 2026-Sep-05 00:00:00.0000,  1.622752328393039E-02,  1.471921469233777E+08,  2.586340788904872E-03,  1.752006443561581E+02,  2.880885904994053E+02,  2.461409865922429E+06,  1.140496991123263E-05,  2.404073064776813E+02,  2.388065821778444E+02,  1.496201107543888E+08,  1.520480745853999E+08,  3.156518630053025E+07,
2461289.500000000, A.D. 2026-Sep-06 00:00:00.0000,  1.615175183965211E-02,  1.472327864820451E+08,  2.116209880312277E-03,  1.780703024089261E+02,  2.845564421114009E+02,  2.461409226317106E+06,  1.140156531342425E-05,  2.420581745472158E+02,  2.404386303778247E+02,  1.496498944398680E+08,  1.520670023976909E+08,  3.157461191544766E+07,
2461290.500000000, A.D. 2026-Sep-07 00:00:00.0000,  1.610938164086171E-02,  1.472659973189644E+08,  1.726838485237171E-03,  1.814485066532348E+02,  2.805218858165421E+02,  2.461408586663423E+06,  1.139844496283729E-05,  2.437052255534743E+02,  2.420650992023484E+02,  1.496772045296702E+08,  1.520884117403760E+08,  3.158325553825276E+07,
2461291.500000000, A.D. 2026-Sep-08 00:00:00.0000,  1.610242465202149E-02,  1.472898982145787E+08,  1.443397261389993E-03,  1.849137141888273E+02,  2.764526233066562E+02,  2.461407992389651E+06,  1.139579148450675E-05,  2.453020143555068E+02,  2.436398250775121E+02,  1.497004382417409E+08,  1.521109782689032E+08,  3.159060961140271E+07,
2461292.500000000, A.D. 2026-Sep-09 00:00:00.0000,  1.612971902852278E-02,  1.473033489616715E+08,  1.280789631408911E-03,  1.875089256655053E+02,  2.733482415522316E+02,  2.461407485901079E+06,  1.139375651103196E-05,  2.468055145739599E+02,  2.451202112169395E+02,  1.497182624687308E+08,  1.521331759757900E+08,  3.159625182892328E+07,
2461293.500000000, A.D. 2026-Sep-10 00:00:00.0000,  1.618716614950617E-02,  1.473060564133482E+08,  1.243512278522898E-03,  1.881807328387741E+02,  2.722956122600835E+02,  2.461407101005761E+06,  1.139244452892049E-05,  2.481817112724857E+02,  2.464727816389023E+02,  1.497297568652512E+08,  1.521534573171541E+08,  3.159989053149353E+07,
2461294.500000000, A.D. 2026-Sep-11 00:00:00.0000,  1.626846475333751E-02,  1.472985520691839E+08,  1.329191134371684E-03,  1.867962701729192E+02,  2.734480075405162E+02,  2.461406858887734E+06,  1.139190292550411E-05,  2.494095947812104E+02,  2.476771152765306E+02,  1.497345025462156E+08,  1.521704530232472E+08,  3.160139288002839E+07,
2461295.500000000, A.D. 2026-Sep-12 00:00:00.0000,  1.636615578754230E-02,  1.472820406710558E+08,  1.529843308747545E-03,  1.843212226117708E+02,  2.758459085750173E+02,  2.461406766778830E+06,  1.139212147317978E-05,  2.504824133448803E+02,  2.487270310530870E+02,  1.497325875249611E+08,  1.521831343788664E+08,  3.160078663553052E+07,
2461296.500000000, A.D. 2026-Sep-13 00:00:00.0000,  1.647268449480838E-02,  1.472581634429552E+08,  1.830015721886420E-03,  1.818311458385581E+02,  2.784073303967430E+02,  2.461406819444934E+06,  1.139304128463699E-05,  2.514060872096756E+02,  2.496289442257767E+02,  1.497245283597595E+08,  1.521908932765639E+08,  3.159823536191728E+07,
2461297.500000000, A.D. 2026-Sep-14 00:00:00.0000,  1.658121693166131E-02,  1.472287444710238E+08,  2.207700876621185E-03,  1.798499452543030E+02,  2.805928686877443E+02,  2.461407002574740E+06,  1.139456990965390E-05,  2.521957181912402E+02,  2.503983416511369E+02,  1.497111373159452E+08,  1.521935301608666E+08,  3.159399633811494E+07,
2461298.500000000, A.D. 2026-Sep-15 00:00:00.0000,  1.668608417721438E-02,  1.471955819418079E+08,  2.638173506819229E-03,  1.784527114338737E+02,  2.823068936901802E+02,  2.461407296716468E+06,  1.139659768367983E-05,  2.528715680445466E+02,  2.510557530212354E+02,  1.496933782520939E+08,  1.521911745623799E+08,  3.158837488099871E+07,
2461299.500000000, A.D. 2026-Sep-16 00:00:00.0000,  1.678287594764419E-02,  1.471603170563335E+08,  3.097348201589204E-03,  1.775386277809505E+02,  2.836280446821067E+02,  2.461407680636803E+06,  1.139901119205904E-05,  2.534556421718736E+02,  2.516233489318610E+02,  1.496722478243751E+08,  1.521841785924166E+08,  3.158168668619160E+07,
2461300.500000000, A.D. 2026-Sep-17 00:00:00.0000,  1.686829407779096E-02,  1.471243821439905E+08,  3.563443459885986E-03,  1.769803545276191E+02,  2.846620673254197E+02,  2.461408133540257E+06,  1.140170176894968E-05,  2.539694425234953E+02,  2.521227194464016E+02,  1.496487004312236E+08,  1.521730187184567E+08,  3.157423403060672E+07,
2461301.500000000, A.D. 2026-Sep-18 00:00:00.0000,  1.693989313212035E-02,  1.470890096522095E+08,  4.017324890096708E-03,  1.766715728149911E+02,  2.854952780974647E+02,  2.461408636102811E+06,  1.140456893600454E-05,  2.544329315483195E+02,  2.525738653498442E+02,  1.496236177468829E+08,  1.521582258415563E+08,  3.156629610642013E+07,
2461302.500000000, A.D. 2026-Sep-19 00:00:00.0000,  1.699580866952994E-02,  1.470552774980722E+08,  4.442116603796614E-03,  1.765328869694308E+02,  2.861887128219661E+02,  2.461409170560927E+06,  1.140751985979388E-05,  2.548644587511223E+02,  2.529951470869401E+02,  1.495978133104771E+08,  1.521403491228820E+08,  3.155813046346999E+07,
2461303.500000000, A.D. 2026-Sep-20 00:00:00.0000,  1.703453674201738E-02,  1.470241686452254E+08,  4.822529165587149E-03,  1.765061458878540E+02,  2.867832290818142E+02,  2.461409720175397E+06,  1.141046627619726E-05,  2.552813225957138E+02,  2.534038607754424E+02,  1.495720593864226E+08,  1.521199501276198E+08,  3.154998150697629E+07,
2461304.500000000, A.D. 2026-Sep-21 00:00:00.0000,  1.705480017834841E-02,  1.469966276300732E+08,  5.144217262720431E-03,  1.765473519667401E+02,  2.873056917797167E+02,  2.461410268359143E+06,  1.141332026147007E-05,  2.557006712848785E+02,  2.538171436413276E+02,  1.495471239462227E+08,  1.520976202623722E+08,  3.154209220040154E+07,
2461305.500000000, A.D. 2026-Sep-22 00:00:00.0000,  1.705552218356820E-02,  1.469736003701151E+08,  5.393396667292408E-03,  1.766206272557732E+02,  2.877740198972571E+02,  2.461410797709485E+06,  1.141599008125518E-05,  2.561404947503081E+02,  2.542529611571818E+02,  1.495238069769825E+08,  1.520740135838500E+08,  3.153471555578106E+07,
2461306.500000000, A.D. 2026-Sep-23 00:00:00.0000,  1.703592077362418E-02,  1.469560450539254E+08,  5.556904467098324E-03,  1.766933517500600E+02,  2.882012095330619E+02,  2.461411289167723E+06,  1.141837730867633E-05,  2.566204771746289E+02,  2.547309458699461E+02,  1.495029657335846E+08,  1.520498864132438E+08,  3.152812262793694E+07,
2461307.500000000, A.D. 2026-Sep-24 00:00:00.0000,  1.699572946448655E-02,  1.469449026335030E+08,  5.622847358394873E-03,  1.767320269586637E+02,  2.885990326583818E+02,  2.461411721551606E+06,  1.142037646518808E-05,  2.571624557172448E+02,  2.552728352904263E+02,  1.494855180572629E+08,  1.520261334810227E+08,  3.152260357592959E+07,
2461308.500000000, A.D. 2026-Sep-25 00:00:00.0000,  1.693553047350881E-02,  1.469410184575104E+08,  5.581905957947723E-03,  1.766983532180087E+02,  2.889822107796635E+02,  2.461412071743685E+06,  1.142187842031552E-05,  2.577901941373146E+02,  2.559022211009413E+02,  1.494724130639031E+08,  1.520038076702957E+08,  3.151845841395808E+07,
2461309.500000000, A.D. 2026-Sep-26 00:00:00.0000,  1.685714983049736E-02,  1.469450155076383E+08,  5.429207939393577E-03,  1.765450332591785E+02,  2.893738260850867E+02,  2.461412315812982E+06,  1.142277838080751E-05,  2.585281899683804E+02,  2.566433344802537E+02,  1.494645620240270E+08,  1.519841085404158E+08,  3.151597518558796E+07,
2461310.500000000, A.D. 2026-Sep-27 00:00:00.0000,  1.676401323669623E-02,  1.469571362848748E+08,  5.166446869815823E-03,  1.762108248493615E+02,  2.898125860816560E+02,  2.461412431223590E+06,  1.142298823046951E-05,  2.593993679376217E+02,  2.575187285940743E+02,  1.494627314940335E+08,  1.519683267031923E+08,  3.151539621127695E+07,
2461311.500000000, A.D. 2026-Sep-28 00:00:00.0000,  1.666131910388374E-02,  1.469770909496501E+08,  4.803682588449999E-03,  1.756144046199944E+02,  2.903622146052251E+02,  2.461412399994535E+06,  1.142245130328465E-05,  2.604218163193278E+02,  2.585460231594330E+02,  1.494674152507761E+08,  1.519577395519020E+08,  3.151687763347943E+07,
2461312.500000000, A.D. 2026-Sep-29 00:00:00.0000,  1.655588719177615E-02,  1.470039630018319E+08,  4.360164182873940E-03,  1.746469262207971E+02,  2.911225081929034E+02,  2.461412212270329E+06,  1.142115603143966E-05,  2.616051400408361E+02,  2.597342889329556E+02,  1.494787157574844E+08,  1.519534685131369E+08,  3.152045195854146E+07,
2461313.500000000, A.D. 2026-Sep-30 00:00:00.0000,  1.645561463902748E-02,  1.470362174789026E+08,  3.863700450841118E-03,  1.731645313720638E+02,  2.922398890461305E+02,  2.461411869421232E+06,  1.141914438068535E-05,  2.629473445125099E+02,  2.610809824083725E+02,  1.494962704961592E+08,  1.519563235134158E+08,  3.152600475118905E+07,
2461314.500000000, A.D. 2026-Oct-01 00:00:00.0000,  1.636860103639393E-02,  1.470718264197970E+08,  3.348525752725988E-03,  1.709864981994839E+02,  2.939108378057981E+02,  2.461411385744347E+06,  1.141651228814743E-05,  2.644331940672968E+02,  2.625703633002266E+02,  1.495192473265472E+08,  1.519666682332974E+08,  3.153327311474540E+07,
2461315.500000000, A.D. 2026-Oct-02 00:00:00.0000,  1.630212762843002E-02,  1.471084853385578E+08,  2.851997344134132E-03,  1.679162600320224E+02,  2.963604129584300E+02,  2.461410788177526E+06,  1.141340199360155E-05,  2.660346194105323E+02,  2.641739550360023E+02,  1.495464100007638E+08,  1.519843346629698E+08,  3.154186632537950E+07,
2461316.500000000, A.D. 2026-Oct-03 00:00:00.0000,  1.626172394311512E-02,  1.471438657081095E+08,  2.410463614918143E-03,  1.638246648789797E+02,  2.997565254193438E+02,  2.461410114017797E+06,  1.140998868786770E-05,  2.677131460146641E+02,  2.658530096806182E+02,  1.495762331195506E+08,  1.520086005309918E+08,  3.155130209574966E+07,
2461317.500000000, A.D. 2026-Oct-04 00:00:00.0000,  1.625050950204394E-02,  1.471758465610326E+08,  2.054240751879033E-03,  1.588487974415882E+02,  3.040072019265681E+02,  2.461409407156088E+06,  1.140646490214043E-05,  2.694237911848151E+02,  2.675624219052340E+02,  1.496070371396430E+08,  1.520382277182534E+08,  3.156104920223318E+07,
2461318.500000000, A.D. 2026-Oct-05 00:00:00.0000,  1.626890102724114E-02,  1.472026886097825E+08,  1.801822781241385E-03,  1.536736606276300E+02,  3.084743209036589E+02,  2.461408713585289E+06,  1.140302535055688E-05,  2.711196460790198E+02,  2.692553113889907E+02,  1.496371201068015E+08,  1.520715516038204E+08,  3.157056911939770E+07,
2461319.500000000, A.D. 2026-Oct-06 00:00:00.0000,  1.631468615860650E-02,  1.472231398690764E+08,  1.656092692384500E-03,  1.495927708135344E+02,  3.119084968712481E+02,  2.461408076910913E+06,  1.139985347461602E-05,  2.727564071929884E+02,  2.708875432928446E+02,  1.496648753392024E+08,  1.521066108093285E+08,  3.157935326112827E+07,
2461320.500000000, A.D. 2026-Oct-07 00:00:00.0000,  1.638341194695745E-02,  1.472364785337709E+08,  1.608161929685827E-03,  1.479711321866194E+02,  3.129822113098171E+02,  2.461407534440521E+06,  1.139710987752824E-05,  2.742962905375829E+02,  2.724216235191124E+02,  1.496888933371985E+08,  1.521413081406260E+08,  3.158695527800557E+07,
2461321.500000000, A.D. 2026-Oct-08 00:00:00.0000,  1.646901050697982E-02,  1.472425037305666E+08,  1.648467861582309E-03,  1.494068916623465E+02,  3.111252994755791E+02,  2.461407114279294E+06,  1.139492271134480E-05,  2.757109165445395E+02,  2.738295577100139E+02,  1.497080471317590E+08,  1.521735905329514E+08,  3.159301814672105E+07,
2461322.500000000, A.D. 2026-Oct-09 00:00:00.0000,  1.656456335465885E-02,  1.472414832344772E+08,  1.773944040190504E-03,  1.533931606074271E+02,  3.068615946827441E+02,  2.461406833733136E+06,  1.139338062393220E-05,  2.769828778608408E+02,  2.750943861843361E+02,  1.497215554248706E+08,  1.522016276152639E+08,  3.159729424327379E+07,
2461323.500000000, A.D. 2026-Oct-10 00:00:00.0000,  1.666308423207689E-02,  1.472340663746435E+08,  1.984051614460455E-03,  1.587289910633093E+02,  3.013978707580274E+02,  2.461406699157429E+06,  1.139252936529322E-05,  2.781058598628723E+02,  2.762102663314520E+02,  1.497290135392335E+08,  1.522239607038235E+08,  3.159965521763081E+07,
2461324.500000000, A.D. 2026-Oct-11 00:00:00.0000,  1.675819290096360E-02,  1.472211732694041E+08,  2.272555666039143E-03,  1.642370538328755E+02,  2.959074268179585E+02,  2.461406707150433E+06,  1.139237296276839E-05,  2.790834176504057E+02,  2.771812108397954E+02,  1.497303839263777E+08,  1.522395945833513E+08,  3.160008903996756E+07,
2461325.500000000, A.D. 2026-Oct-12 00:00:00.0000,  1.684457779522821E-02,  1.472038762519140E+08,  2.624498670524372E-03,  1.692036742957537E+02,  2.910922848322999E+02,  2.461406846724236E+06,  1.139287940771529E-05,  2.799267765610357E+02,  2.780188553087562E+02,  1.497259466075083E+08,  1.522480169631027E+08,  3.159868432875775E+07,
2461326.500000000, A.D. 2026-Oct-13 00:00:00.0000,  1.691820322983351E-02,  1.471832915507073E+08,  3.019026575924488E-03,  1.733762571106170E+02,  2.871884144895836E+02,  2.461407101904733E+06,  1.139398955217394E-05,  2.806522047005702E+02,  2.787398094663254E+02,  1.497162210044635E+08,  1.522491504582196E+08,  3.159560559113492E+07,
2461327.500000000, A.D. 2026-Oct-14 00:00:00.0000,  1.697628433505368E-02,  1.471604963005835E+08,  3.433626061035807E-03,  1.767662181661532E+02,  2.841653015534591E+02,  2.461407454199009E+06,  1.139562709246990E-05,  2.812785203766897E+02,  2.793631573872151E+02,  1.497018779460878E+08,  1.522432595915921E+08,  3.159106533398972E+07,
2461328.500000000, A.D. 2026-Oct-15 00:00:00.0000,  1.701710177050644E-02,  1.471364787340345E+08,  3.847003265943387E-03,  1.794823223323340E+02,  2.818945449420715E+02,  2.461407884514909E+06,  1.139770749839740E-05,  2.818251520557295E+02,  2.799085229322058E+02,  1.496836608236526E+08,  1.522308429132707E+08,  3.158529906567779E+07,
2461329.500000000, A.D. 2026-Oct-16 00:00:00.0000,  1.703974442236099E-02,  1.471121212927391E+08,  4.240301091846550E-03,  1.816447969614609E+02,  2.802369180374985E+02,  2.461408374336393E+06,  1.140014439478133E-05,  2.823109496130286E+02,  2.803948950062575E+02,  1.496623291307830E+08,  1.522125369688268E+08,  3.157854738794344E+07,
2461330.500000000, A.D. 2026-Oct-17 00:00:00.0000,  1.704385686233774E-02,  1.470882104401808E+08,  4.597216599674527E-03,  1.833531924135710E+02,  2.790749248700962E+02,  2.461408906152843E+06,  1.140285278135240E-05,  2.827537501234088E+02,  2.808402107971830E+02,  1.496386298280464E+08,  1.521890492159119E+08,  3.157104690404531E+07,
2461331.500000000, A.D. 2026-Oct-18 00:00:00.0000,  1.702944470095160E-02,  1.470654641759314E+08,  4.903581539083913E-03,  1.846785832343996E+02,  2.783203792202039E+02,  2.461409463259465E+06,  1.140574920472972E-05,  2.831705811669450E+02,  2.812615754102611E+02,  1.496132955184907E+08,  1.521611268610499E+08,  3.156302962112438E+07,
2461332.500000000, A.D. 2026-Oct-19 00:00:00.0000,  1.699676890743955E-02,  1.470445677822909E+08,  5.146811252339317E-03,  1.856639948779808E+02,  2.779132905991204E+02,  2.461410029092983E+06,  1.140874943370558E-05,  2.835783363741924E+02,  2.816759491202625E+02,  1.495870645499893E+08,  1.521295613176877E+08,  3.155472929718568E+07,
2461333.500000000, A.D. 2026-Oct-20 00:00:00.0000,  1.694634596879012E-02,  1.470262085145871E+08,  5.315513224907341E-03,  1.863261508518217E+02,  2.778191433947691E+02,  2.461410586278891E+06,  1.141176441814859E-05,  2.839947447251246E+02,  2.821011211344140E+02,  1.495607161538706E+08,  1.520952237931542E+08,  3.154639254798122E+07,
2461334.500000000, A.D. 2026-Oct-21 00:00:00.0000,  1.687906311162453E-02,  1.470110993821832E+08,  5.399491118703395E-03,  1.866559528516277E+02,  2.780273602728643E+02,  2.461411115588112E+06,  1.141469551605455E-05,  2.844394320891167E+02,  2.825567662419506E+02,  1.495351119746064E+08,  1.520591245670297E+08,  3.153829197578393E+07,
2461335.500000000, A.D. 2026-Oct-22 00:00:00.0000,  1.679640988809625E-02,  1.469999804433448E+08,  5.390354598490126E-03,  1.866168066174684E+02,  2.785521077235610E+02,  2.461411595066171E+06,  1.141743031851227E-05,  2.849348060128856E+02,  2.830653137315159E+02,  1.495112323853638E+08,  1.520224843273827E+08,  3.153073764910959E+07,
2461336.500000000, A.D. 2026-Oct-23 00:00:00.0000,  1.670080899494632E-02,  1.469935843341174E+08,  5.282899538925923E-03,  1.861405846480658E+02,  2.794360414301543E+02,  2.461411999714597E+06,  1.141984092806550E-05,  2.855063752578884E+02,  2.836522397239335E+02,  1.494901914684499E+08,  1.519867986027824E+08,  3.152408183858857E+07,
2461337.500000000, A.D. 2026-Oct-24 00:00:00.0000,  1.659599006474621E-02,  1.469925544167739E+08,  5.077285602350397E-03,  1.851216141178342E+02,  2.807571143870381E+02,  2.461412302227773E+06,  1.142178703669832E-05,  2.861819900216256E+02,  2.843452715517780E+02,  1.494732103303623E+08,  1.519538662439507E+08,  3.151871058734646E+07,
2461338.500000000, A.D. 2026-Oct-25 00:00:00.0000,  1.648728866229692E-02,  1.469973140847995E+08,  4.781738077361391E-03,  1.834104686285095E+02,  2.826371778243011E+02,  2.461412475293139E+06,  1.142312603306516E-05,  2.869894860311425E+02,  2.851719953348556E+02,  1.494615294649973E+08,  1.519257448451951E+08,  3.151501602608172E+07,
2461339.500000000, A.D. 2026-Oct-26 00:00:00.0000,  1.638169037877491E-02,  1.470079079276167E+08,  4.415032409610765E-03,  1.808129509875920E+02,  2.852471738834182E+02,  2.461412495656152E+06,  1.142373085317969E-05,  2.879525321855895E+02,  2.861556804083455E+02,  1.494562540059132E+08,  1.519046000842097E+08,  3.151334748925718E+07,
2461340.500000000, A.D. 2026-Oct-27 00:00:00.0000,  1.628743096868375E-02,  1.470238645082698E+08,  4.007514374143372E-03,  1.771077884981070E+02,  2.887948234471385E+02,  2.461412349410997E+06,  1.142351303142253E-05,  2.890852402037588E+02,  2.873098955301314E+02,  1.494581538721697E+08,  1.518924432360696E+08,  3.151394838083101E+07,
2461341.500000000, A.D. 2026-Oct-28 00:00:00.0000,  1.621307135522490E-02,  1.470441475177306E+08,  3.599113845821715E-03,  1.721101420672125E+02,  2.934661508455525E+02,  2.461412037007647E+06,  1.142244452927725E-05,  2.903870830657680E+02,  2.886334737751339E+02,  1.494674743445643E+08,  1.518908011713979E+08,  3.151689632436138E+07,
2461342.500000000, A.D. 2026-Oct-29 00:00:00.0000,  1.616619359954523E-02,  1.470672434391768E+08,  3.232993419342988E-03,  1.658143693603056E+02,  2.992853128680466E+02,  2.461411575915232E+06,  1.142057014979277E-05,  2.918402206072517E+02,  2.901079186050023E+02,  1.494838279416831E+08,  1.519004124441895E+08,  3.152206897538581E+07,
2461343.500000000, A.D. 2026-Oct-30 00:00:00.0000,  1.615209364068102E-02,  1.470913768734623E+08,  2.944698395390807E-03,  1.585996901659335E+02,  3.059075941712046E+02,  2.461410999441460E+06,  1.141800504178494E-05,  2.934107456051321E+02,  2.916987411987634E+02,  1.495062152622418E+08,  1.519210536510213E+08,  3.152915055498367E+07,
2461344.500000000, A.D. 2026-Oct-31 00:00:00.0000,  1.617290238501940E-02,  1.471147829186064E+08,  2.750208571696766E-03,  1.513352162471528E+02,  3.125092753208001E+02,  2.461410351821977E+06,  1.141491807944917E-05,  2.950537115592175E+02,  2.933605609369218E+02,  1.495331682520698E+08,  1.519515535855332E+08,  3.153767705509209E+07,
2461345.500000000, A.D. 2026-Nov-01 00:00:00.0000,  1.622738234018568E-02,  1.471359444885429E+08,  2.641036328087284E-03,  1.451582732223903E+02,  3.180022664075118E+02,  2.461409681333401E+06,  1.141150762886353E-05,  2.967201409767558E+02,  2.950441488528097E+02,  1.495629598214962E+08,  1.519899751544494E+08,  3.154710242575128E+07,
2461346.500000000, A.D. 2026-Nov-02 00:00:00.0000,  1.631135171050717E-02,  1.471537332707193E+08,  2.592382821571392E-03,  1.410218929885949E+02,  3.214799723314060E+02,  2.461409033734270E+06,  1.140797772091522E-05,  2.983636701479319E+02,  2.967030695287752E+02,  1.495938105279557E+08,  1.520338877851922E+08,  3.155686387254957E+07,
2461347.500000000, A.D. 2026-Nov-03 00:00:00.0000,  1.641848234358610E-02,  1.471674462603544E+08,  2.578783610765902E-03,  1.394200423538891E+02,  3.224874294485117E+02,  2.461408447639117E+06,  1.140451997083145E-05,  2.999452117694963E+02,  2.982983159750636E+02,  1.496240460180782E+08,  1.520806457758019E+08,  3.156643163594322E+07,
2461348.500000000, A.D. 2026-Nov-04 00:00:00.0000,  1.654119182625836E-02,  1.471767680262926E+08,  2.585954592064003E-03,  1.404240789827004E+02,  3.209826106392401E+02,  2.461407952239831E+06,  1.140130255706540E-05,  3.014352310454468E+02,  2.998005491415144E+02,  1.496521936689917E+08,  1.521276193116909E+08,  3.157533958932679E+07,
2461349.500000000, A.D. 2026-Nov-05 00:00:00.0000,  1.667144667717541E-02,  1.471816982573541E+08,  2.614055027023059E-03,  1.438123059409249E+02,  3.172065384402221E+02,  2.461407566915258E+06,  1.139846479700167E-05,  3.028141132327552E+02,  3.011904309573024E+02,  1.496770308967472E+08,  1.521723635361403E+08,  3.158320058107270E+07,
2461350.500000000, A.D. 2026-Nov-06 00:00:00.0000,  1.680140800259661E-02,  1.471824738475576E+08,  2.674074750426733E-03,  1.491308565514069E+02,  3.116232131953137E+02,  2.461407301988029E+06,  1.139611507986062E-05,  3.040713798615819E+02,  3.024578121151268E+02,  1.496976043756848E+08,  1.522127349038120E+08,  3.158971258865201E+07,
2461351.500000000, A.D. 2026-Nov-07 00:00:00.0000,  1.692391968459269E-02,  1.471794996099206E+08,  2.780306547187386E-03,  1.557193722366562E+02,  3.048952746039004E+02,  2.461407160018203E+06,  1.139433050319167E-05,  3.052043732258372E+02,  3.036003934837110E+02,  1.497132343640178E+08,  1.522469691181150E+08,  3.159466016008226E+07,
2461352.500000000, A.D. 2026-Nov-08 00:00:00.0000,  1.703285651909617E-02,  1.471732907098104E+08,  2.942065606865546E-03,  1.628064325235615E+02,  2.977900811012876E+02,  2.461407137277881E+06,  1.139315754757593E-05,  3.062167676750992E+02,  3.046222175094649E+02,  1.497235097692455E+08,  1.522737288286806E+08,  3.159791291366770E+07,
2461353.500000000, A.D. 2026-Nov-09 00:00:00.0000,  1.712334069341918E-02,  1.471644251543936E+08,  3.158383402171255E-03,  1.696901395169623E+02,  2.910006461241026E+02,  2.461407225245599E+06,  1.139261384001696E-05,  3.071170676246918E+02,  3.055321482243682E+02,  1.497282733911069E+08,  1.522921216278203E+08,  3.159942091036978E+07,
2461354.500000000, A.D. 2026-Nov-10 00:00:00.0000,  1.719182628257530E-02,  1.471535044229172E+08,  3.417860660797659E-03,  1.758924029183024E+02,  2.849928112063743E+02,  2.461407412044025E+06,  1.139269124096413E-05,  3.079171658446890E+02,  3.063424138089333E+02,  1.497275952298159E+08,  1.523016860367146E+08,  3.159920622666979E+07,
2461355.500000000, A.D. 2026-Nov-11 00:00:00.0000,  1.723605646447425E-02,  1.471411218952721E+08,  3.702365158772875E-03,  1.811905218502221E+02,  2.799749910526081E+02,  2.461407683751239E+06,  1.139336022220858E-05,  3.086310289874179E+02,  3.070672802695181E+02,  1.497217341591990E+08,  1.523023464231260E+08,  3.159735082353209E+07,
2461356.500000000, A.D. 2026-Nov-12 00:00:00.0000,  1.725491515769658E-02,  1.471278400627528E+08,  3.991483463069636E-03,  1.855488748941735E+02,  2.759675927894771E+02,  2.461408025499275E+06,  1.139457505374076E-05,  3.092735950271021E+02,  3.077219425941256E+02,  1.497110922578277E+08,  1.522943444529026E+08,  3.159398207498879E+07,
2461357.500000000, A.D. 2026-Nov-13 00:00:00.0000,  1.724821345592051E-02,  1.471141776622724E+08,  4.265695946945528E-03,  1.890278453351664E+02,  2.728948948409032E+02,  2.461408422272923E+06,  1.139627897320398E-05,  3.098599694051283E+02,  3.083217209385050E+02,  1.496961691411526E+08,  1.522781606200328E+08,  3.158925828741701E+07,
2461358.500000000, A.D. 2026-Nov-14 00:00:00.0000,  1.721646187491447E-02,  1.471006069669646E+08,  4.507935193973455E-03,  1.917161901545133E+02,  2.706531152523980E+02,  2.461408859347442E+06,  1.139840842878809E-05,  3.104049821460777E+02,  3.088816234903081E+02,  1.496775243586163E+08,  1.522544417502680E+08,  3.158335676854457E+07,
2461359.500000000, A.D. 2026-Nov-15 00:00:00.0000,  1.716067885093302E-02,  1.470875601004361E+08,  4.704017354028587E-03,  1.936930266515565E+02,  2.691484758825017E+02,  2.461409322345093E+06,  1.140089565130085E-05,  3.109231275113486E+02,  3.094162957493817E+02,  1.496557544405851E+08,  1.522239487807340E+08,  3.157646653479577E+07,
2461360.500000000, A.D. 2026-Nov-16 00:00:00.0000,  1.708227736182026E-02,  1.470754419544227E+08,  4.842542303772293E-03,  1.950095425519062E+02,  2.683151794141156E+02,  2.461409796932180E+06,  1.140366910670032E-05,  3.114288660189350E+02,  3.099403334666607E+02,  1.496314885437898E+08,  1.521875351331568E+08,  3.156878690810830E+07,
2461361.500000000, A.D. 2026-Nov-17 00:00:00.0000,  1.698306040406529E-02,  1.470646462119127E+08,  4.914733668869167E-03,  1.956801462460440E+02,  2.681236431600800E+02,  2.461410268215290E+06,  1.140665169786878E-05,  3.119372312476992E+02,  3.104688986838385E+02,  1.496054038217928E+08,  1.521461614316728E+08,  3.156053235738427E+07,
2461362.500000000, A.D. 2026-Nov-18 00:00:00.0000,  1.686534525607663E-02,  1.470555698550357E+08,  4.914573927879805E-03,  1.956765233900817E+02,  2.685856274354791E+02,  2.461410719937879E+06,  1.140975690328086E-05,  3.124646407507680E+02,  3.110185349293355E+02,  1.495782588330580E+08,  1.521009478110803E+08,  3.155194304766322E+07,
2461363.500000000, A.D. 2026-Nov-19 00:00:00.0000,  1.673222337509938E-02,  1.470486199918570E+08,  4.839522556730250E-03,  1.949215793358943E+02,  2.697594554080760E+02,  2.461411133649254E+06,  1.141288344992809E-05,  3.130297383835764E+02,  3.116080052419920E+02,  1.495509397212286E+08,  1.520532594506002E+08,  3.154329942817984E+07,
2461364.500000000, A.D. 2026-Nov-20 00:00:00.0000,  1.658793836488222E-02,  1.470442048813367E+08,  4.692036482553617E-03,  1.932835639979444E+02,  2.717553299582963E+02,  2.461411488141794E+06,  1.141590977437175E-05,  3.136539697471948E+02,  3.122588509102275E+02,  1.495245082075223E+08,  1.520048115337079E+08,  3.153493739134006E+07,
2461365.500000000, A.D. 2026-Nov-21 00:00:00.0000,  1.643831554498926E-02,  1.470426997595291E+08,  4.481924210901565E-03,  1.905757841128294E+02,  2.747358231656555E+02,  2.461411759628877E+06,  1.141869053105833E-05,  3.143614130297279E+02,  3.129951903340053E+02,  1.495002317429690E+08,  1.519577637264090E+08,  3.152725779027079E+07,
2461366.500000000, A.D. 2026-Nov-22 00:00:00.0000,  1.629109496659743E-02,  1.470443804169319E+08,  4.229052095198317E-03,  1.865772445938573E+02,  2.788968304673462E+02,  2.461411923289860E+06,  1.142105856007235E-05,  3.151772305789197E+02,  3.138421241646082E+02,  1.494795662258836E+08,  1.519147520348353E+08,  3.152072096526572E+07,
2461367.500000000, A.D. 2026-Nov-23 00:00:00.0000,  1.615592338180843E-02,  1.470493278443976E+08,  3.964832145451894E-03,  1.811049125231146E+02,  2.843988467126006E+02,  2.461411956732485E+06,  1.142283619419915E-05,  3.161241815414145E+02,  3.148221957559480E+02,  1.494640577090797E+08,  1.518787875737619E+08,  3.151581567656714E+07,
2461368.500000000, A.D. 2026-Nov-24 00:00:00.0000,  1.604372111289019E-02,  1.470573277444559E+08,  3.729369357867941E-03,  1.741717210897447E+02,  2.912143739344558E+02,  2.461411845315527E+06,  1.142385807390969E-05,  3.172172486901144E+02,  3.159499795057913E+02,  1.494551444000978E+08,  1.518529610557397E+08,  3.151299654380193E+07,
2461369.500000000, A.D. 2026-Nov-25 00:00:00.0000,  1.596527337168898E-02,  1.470678114092547E+08,  3.560883787931576E-03,  1.661976602361296E+02,  2.989227810900576E+02,  2.461411588034765E+06,  1.142400264215840E-05,  3.184576859205732E+02,  3.172261297824295E+02,  1.494538835160490E+08,  1.518399556228433E+08,  3.151259775373994E+07,
2461370.500000000, A.D. 2026-Nov-26 00:00:00.0000,  1.592926045113045E-02,  1.470798880020539E+08,  3.479107271888123E-03,  1.580772739183594E+02,  3.066466801259169E+02,  2.461411201400322E+06,  1.142322270804250E-05,  3.198290837409912E+02,  3.186335060516150E+02,  1.494606861997342E+08,  1.518414843974144E+08,  3.151474931382916E+07,
2461371.500000000, A.D. 2026-Nov-27 00:00:00.0000,  1.594037576570182E-02,  1.470924834616304E+08,  3.474243296504019E-03,  1.508915980114433E+02,  3.133391810862176E+02,  2.461410718722783E+06,  1.142156197509391E-05,  3.212980641053073E+02,  3.201379776574702E+02,  1.494751739012601E+08,  1.518578643408898E+08,  3.151933166278162E+07,
2461372.500000000, A.D. 2026-Nov-28 00:00:00.0000,  1.599831808612936E-02,  1.471045412940536E+08,  3.513110261025216E-03,  1.454493497649350E+02,  3.182366847499645E+02,  2.461410184249936E+06,  1.141914907481259E-05,  3.228201733426623E+02,  3.216944393819452E+02,  1.494962295266988E+08,  1.518879177593440E+08,  3.152599179163517E+07,
2461373.500000000, A.D. 2026-Nov-29 00:00:00.0000,  1.609806331488431E-02,  1.471152030244673E+08,  3.557436736218156E-03,  1.420896098712169E+02,  3.210473449808332E+02,  2.461409644463641E+06,  1.141617169137513E-05,  3.243486468143508E+02,  3.232556651360246E+02,  1.495222212084633E+08,  1.519292393924593E+08,  3.153421389693873E+07,
2461374.500000000, A.D. 2026-Nov-30 00:00:00.0000,  1.623117236236217E-02,  1.471239044913744E+08,  3.579292803986589E-03,  1.408084661901232E+02,  3.218164331416966E+02,  2.461409140181992E+06,  1.141284250874935E-05,  3.258423698500524E+02,  3.247802987719399E+02,  1.495512973761008E+08,  1.519786902608272E+08,  3.154341258315058E+07,
2461375.500000000, A.D. 2026-Dec-01 00:00:00.0000,  1.638747859636908E-02,  1.471303781913593E+08,  3.566841115507818E-03,  1.414608947193664E+02,  3.207198589415607E+02,  2.461408701980977E+06,  1.140936956487092E-05,  3.272704988036130E+02,  3.262374520901632E+02,  1.495816441838316E+08,  1.520329101763038E+08,  3.155301420934146E+07,
2461376.500000000, A.D. 2026-Dec-02 00:00:00.0000,  1.655654877384438E-02,  1.471345947157685E+08,  3.523052998442415E-03,  1.438788842945538E+02,  3.179451111380474E+02,  2.461408349226463E+06,  1.140593769054160E-05,  3.286134467257350E+02,  3.276076398968087E+02,  1.496116472506085E+08,  1.520886997854484E+08,  3.156250803461173E+07,
2461377.500000000, A.D. 2026-Dec-03 00:00:00.0000,  1.672863637505893E-02,  1.471366854435403E+08,  3.461632598162800E-03,  1.478946072131137E+02,  3.136695625898137E+02,  2.461408091495523E+06,  1.140270098080864E-05,  3.298614615931330E+02,  3.288813051056495E+02,  1.496399578861976E+08,  1.521432303288549E+08,  3.157146719938543E+07,
2461378.500000000, A.D. 2026-Dec-04 00:00:00.0000,  1.689514868964229E-02,  1.471368746803933E+08,  3.402295456428864E-03,  1.533037178292720E+02,  3.080995556275087E+02,  2.461407930908962E+06,  1.139978262151497E-05,  3.310122846658237E+02,  3.300564356172787E+02,  1.496654954802410E+08,  1.521941162800887E+08,  3.157954953637159E+07,
2461379.500000000, A.D. 2026-Dec-05 00:00:00.0000,  1.704879068655558E-02,  1.471354316147897E+08,  3.365799440653133E-03,  1.598077356666542E+02,  3.015303027244901E+02,  2.461407864376871E+06,  1.139727801785212E-05,  3.320688940703628E+02,  3.311362813103935E+02,  1.496874211259768E+08,  1.522394106371638E+08,  3.158648928596058E+07,
2461380.500000000, A.D. 2026-Dec-06 00:00:00.0000,  1.718355335933823E-02,  1.471326409741529E+08,  3.368804249361277E-03,  1.669816206906502E+02,  2.943800774067011E+02,  2.461407885340473E+06,  1.139525843719383E-05,  3.330377540280149E+02,  3.321275885221376E+02,  1.497051066626561E+08,  1.522775723511593E+08,  3.159208735669997E+07,
2461381.500000000, A.D. 2026-Dec-07 00:00:00.0000,  1.729465703276042E-02,  1.471287868807797E+08,  3.419463217747914E-03,  1.743093110163356E+02,  2.871558956639487E+02,  2.461407984977181E+06,  1.139377388722135E-05,  3.339276041020115E+02,  3.330393814918759E+02,  1.497181102491314E+08,  1.523074336174831E+08,  3.159620364274184E+07,
2461382.500000000, A.D. 2026-Dec-08 00:00:00.0000,  1.737849684151515E-02,  1.471241443307062E+08,  3.515405185180758E-03,  1.812855409501456E+02,  2.803525047992897E+02,  2.461408152999484E+06,  1.139285505991580E-05,  3.347486578106367E+02,  3.338821559628928E+02,  1.497261599281090E+08,  1.523281755255119E+08,  3.159875185866365E+07,
2461383.500000000, A.D. 2026-Dec-09 00:00:00.0000,  1.743259340577235E-02,  1.471189743502971E+08,  3.645030626277601E-03,  1.875219660325615E+02,  2.743468078764276E+02,  2.461408378199302E+06,  1.139251474991501E-05,  3.355120581839556E+02,  3.346673301383712E+02,  1.497291415967486E+08,  1.523393088432001E+08,  3.159969575660947E+07,
2461384.500000000, A.D. 2026-Dec-10 00:00:00.0000,  1.745553224558660E-02,  1.471135207398768E+08,  3.791179734695053E-03,  1.927923328277815E+02,  2.693530945540260E+02,  2.461408648844657E+06,  1.139274927838358E-05,  3.362294823092265E+02,  3.354068444655528E+02,  1.497270867303359E+08,  1.523406527207949E+08,  3.159904525267297E+07,
2461385.500000000, A.D. 2026-Dec-11 00:00:00.0000,  1.744687699270676E-02,  1.471080077397736E+08,  3.935198337477261E-03,  1.970086938798652E+02,  2.654471250247544E+02,  2.461408952975359E+06,  1.139354026132651E-05,  3.369128469981516E+02,  3.361128631064772E+02,  1.497201569005461E+08,  1.523323060613187E+08,  3.159685152664623E+07,
2461386.500000000, A.D. 2026-Dec-12 00:00:00.0000,  1.740705602766832E-02,  1.471026387452262E+08,  4.060000361023645E-03,  2.001651330085241E+02,  2.626226004822889E+02,  2.461409278596723E+06,  1.139485671604109E-05,  3.375741157187413E+02,  3.367975784895405E+02,  1.497086251714101E+08,  1.523146115975940E+08,  3.159320112320593E+07,
2461387.500000000, A.D. 2026-Dec-13 00:00:00.0000,  1.733724062306561E-02,  1.470975963771802E+08,  4.151840361341861E-03,  2.022836165851482E+02,  2.608453791796239E+02,  2.461409613746606E+06,  1.139665715733442E-05,  3.382252310709654E+02,  3.374731442333454E+02,  1.496928574666336E+08,  1.522881185560869E+08,  3.158821003651223E+07,
2461388.500000000, A.D. 2026-Dec-14 00:00:00.0000,  1.723924747464524E-02,  1.470930439370055E+08,  4.201182373261654E-03,  2.033754074514772E+02,  2.600919778471556E+02,  2.461409946412622E+06,  1.139889110955925E-05,  3.388781961649856E+02,  3.381517600202121E+02,  1.496732989784414E+08,  1.522535540198773E+08,  3.158201938591199E+07,
2461389.500000000, A.D. 2026-Dec-15 00:00:00.0000,  1.711550567768610E-02,  1.470891277268974E+08,  4.203208606856533E-03,  2.034173094081661E+02,  2.603730900574996E+02,  2.461410264298819E+06,  1.140149939830841E-05,  3.395453062613322E+02,  3.388459089302347E+02,  1.496504712166748E+08,  1.522118147064522E+08,  3.157479445671958E+07,
2461390.500000000, A.D. 2026-Dec-16 00:00:00.0000,  1.696912692786784E-02,  1.470859790606003E+08,  4.158431721310038E-03,  2.023390491182054E+02,  2.617458555724008E+02,  2.461410554481688E+06,  1.140441268336975E-05,  3.402394918280197E+02,  3.395687063971863E+02,  1.496249844126793E+08,  1.521639897647583E+08,  3.156672859839267E+07,
2461391.500000000, A.D. 2026-Dec-17 00:00:00.0000,  1.680410739301110E-02,  1.470837141178924E+08,  4.073709592948316E-03,  2.000222518429582E+02,  2.643145277944342E+02,  2.461410803056924E+06,  1.140754795193119E-05,  3.409746726978449E+02,  3.403342572994670E+02,  1.495975677114488E+08,  1.521114213050052E+08,  3.155805274866764E+07,
2461392.500000000, A.D. 2026-Dec-18 00:00:00.0000,  1.662566596151370E-02,  1.470824292282110E+08,  3.963652428614389E-03,  1.963203368630623E+02,  2.682104091989645E+02,  2.461410994969228E+06,  1.141080317061453E-05,  3.417659320169861E+02,  3.411578255146805E+02,  1.495691153786556E+08,  1.520558015291001E+08,  3.154905002016718E+07,
2461393.500000000, A.D. 2026-Dec-19 00:00:00.0000,  1.644067589532331E-02,  1.470821890422547E+08,  3.851726551091205E-03,  1.911200980517242E+02,  2.735306074884913E+02,  2.461411114338432E+06,  1.141405114095579E-05,  3.426291970837557E+02,  3.420554977698376E+02,  1.495407398797648E+08,  1.519992907172749E+08,  3.154007245580420E+07,
2461394.500000000, A.D. 2026-Dec-20 00:00:00.0000,  1.625806234475844E-02,  1.470830061729292E+08,  3.769101241466424E-03,  1.844663500044018E+02,  2.802146643279701E+02,  2.461411145708525E+06,  1.141713494698043E-05,  3.435799996349634E+02,  3.430429095218938E+02,  1.495138110341244E+08,  1.519446158953196E+08,  3.153155337760211E+07,
2461395.500000000, A.D. 2026-Dec-21 00:00:00.0000,  1.608891892953169E-02,  1.470848145054006E+08,  3.748184456080448E-03,  1.767232209299167E+02,  2.878858862566943E+02,  2.461411076626670E+06,  1.141986904099370E-05,  3.446309056315860E+02,  3.441326219781850E+02,  1.494899461294575E+08,  1.518950777535144E+08,  3.152400423399904E+07,
2461396.500000000, A.D. 2026-Dec-22 00:00:00.0000,  1.594599562846384E-02,  1.470874451269479E+08,  3.809760161130844E-03,  1.686348441110848E+02,  2.957946502093208E+02,  2.461410901580295E+06,  1.142205098562429E-05,  3.457875815079091E+02,  3.453301257981145E+02,  1.494709075655710E+08,  1.518543700041941E+08,  3.151798223043247E+07,
2461397.500000000, A.D. 2026-Dec-23 00:00:00.0000,  1.584225975058046E-02,  1.470906211838475E+08,  3.949825472910317E-03,  1.611272350839397E+02,  3.030209918109098E+02,  2.461410626405409E+06,  1.142348714548797E-05,  3.470443784538991E+02,  3.466293758188912E+02,  1.494583796562629E+08,  1.518261381286783E+08,  3.151401979230066E+07,
2461398.500000000, A.D. 2026-Dec-24 00:00:00.0000,  1.578858265198750E-02,  1.470939882507084E+08,  4.137241555511127E-03,  1.549478636756822E+02,  3.088378905213518E+02,  2.461410271120887E+06,  1.142402946825090E-05,  3.483814782045487E+02,  3.480099332261323E+02,  1.494536495492581E+08,  1.518133108478077E+08,  3.151252375534345E+07,
2461399.500000000, A.D. 2026-Dec-25 00:00:00.0000,  1.579121203240585E-02,  1.470971819278849E+08,  4.325560624109572E-03,  1.504573203527360E+02,  3.129184427162946E+02,  2.461409868808642E+06,  1.142361164530106E-05,  3.497659853912810E+02,  3.494381244629417E+02,  1.494572937431729E+08,  1.518174055584609E+08,  3.151367633791025E+07,
2461400.500000000, A.D. 2026-Dec-26 00:00:00.0000,  1.585012781668784E-02,  1.470999089975992E+08,  4.470258509364664E-03,  1.476847779608338E+02,  3.152744267563210E+02,  2.461409459745472E+06,  1.142226827464379E-05,  3.511577707384603E+02,  3.508730119783983E+02,  1.494690119415061E+08,  1.518381148854131E+08,  3.151738265499868E+07,
2461401.500000000, A.D. 2026-Dec-27 00:00:00.0000,  1.595911970547904E-02,  1.471020043795014E+08,  4.541240686101458E-03,  1.464934788043239E+02,  3.160821802127749E+02,  2.461409082897404E+06,  1.142012683616160E-05,  3.525179630281472E+02,  3.522750273248641E+02,  1.494876964211834E+08,  1.518733884628654E+08,  3.152329261878838E+07,
2461402.500000000, A.D. 2026-Dec-28 00:00:00.0000,  1.610750731307708E-02,  1.471034402488949E+08,  4.527088559486272E-03,  1.467121899501076E+02,  3.155437346893198E+02,  2.461408768609442E+06,  1.141737663236326E-05,  3.538162591236240E+02,  3.536133789929914E+02,  1.495117010672258E+08,  1.519199618855567E+08,  3.153088591117838E+07,
2461403.500000000, A.D. 2026-Dec-29 00:00:00.0000,  1.628259068260049E-02,  1.471042938419428E+08,  4.432898081022953E-03,  1.482002564043422E+02,  3.138183371035001E+02,  2.461408535216807E+06,  1.141422984020675E-05,  3.550343222647371E+02,  3.548694768980508E+02,  1.495391790860124E+08,  1.519740643300820E+08,  3.153957866976675E+07,
2461404.500000000, A.D. 2026-Dec-30 00:00:00.0000,  1.647180333688200E-02,  1.471046992383197E+08,  4.275241470785529E-03,  1.508650967082706E+02,  3.110055771895274E+02,  2.461408389648000E+06,  1.141088963173795E-05,  3.561651926754241E+02,  3.560363091979762E+02,  1.495683598471418E+08,  1.520320204559639E+08,  3.154881097076827E+07,
2461405.500000000, A.D. 2026-Dec-31 00:00:00.0000,  1.666402489245945E-02,  1.471048055753309E+08,  4.077026532298046E-03,  1.546516315067635E+02,  3.071588631080709E+02,  2.461408330280307E+06,  1.140753219560019E-05,  3.572104452137718E+02,  3.571155386888602E+02,  1.495977054630215E+08,  1.520906053507121E+08,  3.155809633733488E+07,
2461406.500000000, A.D. 2027-Jan-01 00:00:00.0000,  1.685006045092840E-02,  1.471047508912292E+08,  3.863449776565311E-03,  1.595122822614787E+02,  3.023187171915621E+02,  2.461408350183724E+06,  1.140430145215257E-05,  3.581769554268134E+02,  3.581142091993480E+02,  1.496259573170495E+08,  1.521471637428698E+08,  3.156703648271677E+07,
2461407.500000000, A.D. 2027-Jan-02 00:00:00.0000,  1.702257516460556E-02,  1.471046502592148E+08,  3.658944652674603E-03,  1.653604723382942E+02,  2.965618791607810E+02,  2.461408439686975E+06,  1.140131158960040E-05,  3.590743394312000E+02,  3.590421421392653E+02,  1.496521146290296E+08,  1.521995789988444E+08,  3.157531457419081E+07,
2461408.500000000, A.D. 2027-Jan-03 00:00:00.0000,  1.717579258258385E-02,  1.471045929735068E+08,  3.484466061389386E-03,  1.720155115801068E+02,  2.900580601192726E+02,  2.461408587992874E+06,  1.139865265549780E-05,  3.599133407820714E+02,  3.599102986456757E+02,  1.496753863644202E+08,  1.522461797553336E+08,  3.158268006582030E+07,
2461409.500000000, A.D. 2027-Jan-04 00:00:00.0000,  1.730516806743327E-02,  1.471046439808481E+08,  3.354687313224441E-03,  1.791622981615157E+02,  2.831110737849098E+02,  2.461408784000272E+06,  1.139639608498198E-05,  7.050081447634939E-01,  7.299470401650363E-01,  1.496951435997199E+08,  1.522856432185916E+08,  3.158893366951358E+07,
2461410.500000000, A.D. 2027-Jan-05 00:00:00.0000,  1.740714188255593E-02,  1.471048465346877E+08,  3.275541081215338E-03,  1.863608992963723E+02,  2.761495674359994E+02,  2.461409016612120E+06,  1.139459869793112E-05,  1.460385470565642E+00,  1.512351578887176E+00,  1.497108851539251E+08,  1.523169237731625E+08,  3.159391651637227E+07,
2461411.500000000, A.D. 2027-Jan-06 00:00:00.0000,  1.747900064091925E-02,  1.471052246291848E+08,  3.243334973797261E-03,  1.931210450768891E+02,  2.696525708997684E+02,  2.461409274778353E+06,  1.139330483467802E-05,  2.190467106637745E+00,  2.268729940363559E+00,  1.497222193980024E+08,  1.523392141668200E+08,  3.159750443122183E+07,
2461412.500000000, A.D. 2027-Jan-07 00:00:00.0000,  1.751883238734097E-02,  1.471057847495953E+08,  3.246398301856929E-03,  1.990053127307798E+02,  2.640462609263432E+02,  2.461409547445551E+06,  1.139254694107860E-05,  2.906246749067688E+00,  3.010304870949758E+00,  1.497288595434853E+08,  1.523519343373754E+08,  3.159960646744692E+07,
2461413.500000000, A.D. 2027-Jan-08 00:00:00.0000,  1.752554092732258E-02,  1.471065169406405E+08,  3.268824471846062E-03,  2.036975387621981E+02,  2.596355012506054E+02,  2.461409823509635E+06,  1.139234520110317E-05,  3.618764412717352E+00,  3.748352255378866E+00,  1.497306271752745E+08,  1.523547374099084E+08,  3.160016604527920E+07,
2461414.500000000, A.D. 2027-Jan-09 00:00:00.0000,  1.749888214412941E-02,  1.471073953261607E+08,  3.294782483379068E-03,  2.070063468897891E+02,  2.566003074700855E+02,  2.461410091808189E+06,  1.139270684929355E-05,  4.339114880133364E+00,  4.494208588695964E+00,  1.497274584757682E+08,  1.523475216253757E+08,  3.159916293486682E+07,
2461415.500000000, A.D. 2027-Jan-10 00:00:00.0000,  1.743949464861758E-02,  1.471083781664397E+08,  3.312090532168502E-03,  2.088243341664268E+02,  2.550366907369285E+02,  2.461410341149040E+06,  1.139362563365599E-05,  5.078420629194478E+00,  5.259241469115434E+00,  1.497194089984626E+08,  1.523304398304854E+08,  3.159661477173558E+07,
2461416.500000000, A.D. 2027-Jan-11 00:00:00.0000,  1.734891511802845E-02,  1.471094074335691E+08,  3.314664623851753E-03,  2.090806952933114E+02,  2.550040786607041E+02,  2.461410560354082E+06,  1.139508159867790E-05,  5.847789591038230E+00,  6.054804695472395E+00,  1.497066554923090E+08,  1.523039035510490E+08,  3.159257762943693E+07,
2461417.500000000, A.D. 2027-Jan-12 00:00:00.0000,  1.722958950623785E-02,  1.471104078202110E+08,  3.304069740595405E-03,  2.077144631596663E+02,  2.565521207919628E+02,  2.461410738304292E+06,  1.139704100369364E-05,  6.658271128176609E+00,  6.892192561516898E+00,  1.496894963965185E+08,  1.522685849728260E+08,  3.158714616217741E+07,
2461418.500000000, A.D. 2027-Jan-13 00:00:00.0000,  1.708490813521091E-02,  1.471112851676675E+08,  3.290387198227337E-03,  2.046839334470699E+02,  2.597113286211415E+02,  2.461410864003676E+06,  1.139945589107515E-05,  7.520791963301913E+00,  7.782575576411114E+00,  1.496683552681724E+08,  1.522254253686772E+08,  3.158045466730135E+07,
2461419.500000000, A.D. 2027-Jan-14 00:00:00.0000,  1.691929883947647E-02,  1.471119246074664E+08,  3.292084292185912E-03,  2.000222294702543E+02,  2.644376670427289E+02,  2.461410926734386E+06,  1.140226267555501E-05,  8.445999731207603E+00,  8.736844508779852E+00,  1.496437926548667E+08,  1.521756607022671E+08,  3.157268081288758E+07,
2461420.500000000, A.D. 2027-Jan-15 00:00:00.0000,  1.673840182608156E-02,  1.471121893767238E+08,  3.333783242495393E-03,  1.939331641007983E+02,  2.705170854584942E+02,  2.461410916445852E+06,  1.140537923087346E-05,  9.443871599188601E+00,  9.765217770317006E+00,  1.496165309922972E+08,  1.521208726078707E+08,  3.156405347973949E+07,
2461421.500000000, A.D. 2027-Jan-16 00:00:00.0000,  1.654931641010917E-02,  1.471119224025679E+08,  3.440538171043384E-03,  1.868751996562427E+02,  2.774824046613277E+02,  2.461410824591550E+06,  1.140870040010114E-05,  1.052287516716700E+01,  1.087639516135560E+01,  1.495874931578319E+08,  1.520630639130959E+08,  3.155486491667433E+07,
2461422.500000000, A.D. 2027-Jan-17 00:00:00.0000,  1.636084664104884E-02,  1.471109543098940E+08,  3.628846723193512E-03,  1.795333563668334E+02,  2.846429557504457E+02,  2.461410645655938E+06,  1.141209277287973E-05,  1.168844033035869E+01,  1.207601115418254E+01,  1.495578473137598E+08,  1.520047403176256E+08,  3.154548487859492E+07,
2461423.500000000, A.D. 2027-Jan-18 00:00:00.0000,  1.618358000991419E-02,  1.471091229042720E+08,  3.898039653287062E-03,  1.726342675981818E+02,  2.912719176361425E+02,  2.461410379512753E+06,  1.141539102619846E-05,  1.294060254176566E+01,  1.336424297625194E+01,  1.495290380554478E+08,  1.519489532066237E+08,  3.153637042951886E+07,
2461424.500000000, A.D. 2027-Jan-19 00:00:00.0000,  1.602953778875226E-02,  1.471063087112207E+08,  4.227010166999920E-03,  1.667222202752351E+02,  2.968332928168884E+02,  2.461410034393574E+06,  1.141839984759472E-05,  1.427104035723773E+01,  1.473279527808992E+01,  1.495027689963712E+08,  1.518992292815216E+08,  3.152806039419208E+07,
2461425.500000000, A.D. 2027-Jan-20 00:00:00.0000,  1.591111826975930E-02,  1.471024859159227E+08,  4.577852825248549E-03,  1.620615189563773E+02,  3.010822623046864E+02,  2.461409629556488E+06,  1.142090637634753E-05,  1.566041899706666E+01,  1.616218184674478E+01,  1.494808941010336E+08,  1.518593022861445E+08,  3.152114097927927E+07,
2461426.500000000, A.D. 2027-Jan-21 00:00:00.0000,  1.583924225741698E-02,  1.470977761607189E+08,  4.904081863903969E-03,  1.586860361830650E+02,  3.040163644889474E+02,  2.461409195985624E+06,  1.142270621553716E-05,  1.707770930992921E+01,  1.762099661256668E+01,  1.494651915385492E+08,  1.518326069163796E+08,  3.151617429417279E+07,
2461427.500000000, A.D. 2027-Jan-22 00:00:00.0000,  1.582106031516882E-02,  1.470924786582150E+08,  5.160477050302881E-03,  1.565027903122937E+02,  3.057689030849469E+02,  2.461408773397499E+06,  1.142363986324383E-05,  1.848320318898173E+01,  1.906892724491644E+01,  1.494570476231885E+08,  1.518216165881619E+08,  3.151359849484744E+07,
2461428.500000000, A.D. 2027-Jan-23 00:00:00.0000,  1.585808298611705E-02,  1.470870479739998E+08,  5.312251012703148E-03,  1.553760110718568E+02,  3.065178465956013E+02,  2.461408403291902E+06,  1.142362790873889E-05,  1.983548005984601E+01,  2.046378851515471E+01,  1.494571518915649E+08,  1.518272558091301E+08,  3.151363147294091E+07,
2461429.500000000, A.D. 2027-Jan-24 00:00:00.0000,  1.594567562953234E-02,  1.470820131361193E+08,  5.341264329219056E-03,  1.551750725954610E+02,  3.064291439000183E+02,  2.461408120330739E+06,  1.142268931706201E-05,  2.110003081977451E+01,  2.177027129500280E+01,  1.494653389488559E+08,  1.518486647615925E+08,  3.151622091850735E+07,
2461430.500000000, A.D. 2027-Jan-25 00:00:00.0000,  1.607424598697485E-02,  1.470778681571782E+08,  5.247546200307701E-03,  1.557965048236324E+02,  3.056280984411079E+02,  2.461407945845288E+06,  1.142093354858427E-05,  2.225573299136348E+01,  2.296655443861764E+01,  1.494806570082230E+08,  1.518834458592678E+08,  3.152106598541810E+07,
2461431.500000000, A.D. 2027-Jan-26 00:00:00.0000,  1.623154302120624E-02,  1.470749826786817E+08,  5.046229189999480E-03,  1.571721449418702E+02,  3.041893797042216E+02,  2.461407886062596E+06,  1.141853094005075E-05,  2.329659142857365E+01,  2.404613986512604E+01,  1.495016247322637E+08,  1.519282667858456E+08,  3.152769843074051E+07,
2461432.500000000, A.D. 2027-Jan-27 00:00:00.0000,  1.640502404482455E-02,  1.470735646034711E+08,  4.761940444413275E-03,  1.592703148972995E+02,  3.021384834706091E+02,  2.461407934735829E+06,  1.141567580222929E-05,  2.422907352948403E+01,  2.501521371893492E+01,  1.495265512724351E+08,  1.519795379413991E+08,  3.153558372161358E+07,
2461433.500000000, A.D. 2027-Jan-28 00:00:00.0000,  1.658350124148210E-02,  1.470736727771901E+08,  4.423181062795192E-03,  1.620923171249119E+02,  2.994599893702967E+02,  2.461408077843237E+06,  1.141255622289653E-05,  2.506738694644474E+01,  2.588789294212485E+01,  1.495537983782645E+08,  1.520339239793388E+08,  3.154420385485130E+07,
2461434.500000000, A.D. 2027-Jan-29 00:00:00.0000,  1.675785953196506E-02,  1.470752562948029E+08,  4.058265592058304E-03,  1.656632510777460E+02,  2.961112487120873E+02,  2.461408298026389E+06,  1.140933694930091E-05,  2.582903338546169E+01,  2.668172139310305E+01,  1.495819292537577E+08,  1.520886022127126E+08,  3.155310440910928E+07,
2461435.500000000, A.D. 2027-Jan-30 00:00:00.0000,  1.692106484308932E-02,  1.470781966072673E+08,  3.693065143459465E-03,  1.700133263089658E+02,  2.920441329129284E+02,  2.461408577597891E+06,  1.140615431894475E-05,  2.653180471537365E+01,  2.741460908520941E+01,  1.496097529378879E+08,  1.521413092685085E+08,  3.156190859193159E+07,
2461436.500000000, A.D. 2027-Jan-31 00:00:00.0000,  1.706780601663213E-02,  1.470823391387465E+08,  3.349931171321928E-03,  1.751437964037401E+02,  2.872406185394956E+02,  2.461408900027097E+06,  1.140311880654080E-05,  2.719230653399167E+01,  2.810331396605998E+01,  1.496363025232596E+08,  1.521902659077726E+08,  3.157031037802612E+07,
2461437.500000000, A.D. 2027-Feb-01 00:00:00.0000,  1.719404512432502E-02,  1.470875112420769E+08,  3.046924359369223E-03,  1.809736116746465E+02,  2.817665328353963E+02,  2.461409250323365E+06,  1.140032076543177E-05,  2.782558441377408E+01,  2.876304430996716E+01,  1.496607855420285E+08,  1.522340598419800E+08,  3.157805884651925E+07,
2461438.500000000, A.D. 2027-Feb-02 00:00:00.0000,  1.729663373870126E-02,  1.470935287967812E+08,  2.796711027011962E-03,  1.872752474824043E+02,  2.758354965260343E+02,  2.461409614804607E+06,  1.139783634670628E-05,  2.844536226580210E+01,  2.940768803161356E+01,  1.496825327427131E+08,  1.522715366886449E+08,  3.158494200559671E+07,
2461439.500000000, A.D. 2027-Feb-03 00:00:00.0000,  1.737306039082036E-02,  1.471001953986102E+08,  2.605170518434354E-03,  1.936323635448547E+02,  2.698507862587642E+02,  2.461409980623150E+06,  1.139573199826022E-05,  2.906451999413657E+01,  3.005029122349775E+01,  1.497009592034149E+08,  1.523017230082196E+08,  3.159077451584163E+07,
2461440.500000000, A.D. 2027-Feb-04 00:00:00.0000,  1.742133992999509E-02,  1.471072978578837E+08,  2.470698700311507E-03,  1.994662091705516E+02,  2.643784410509458E+02,  2.461410335283937E+06,  1.139406692462182E-05,  2.969557576517059E+01,  3.070354665912039E+01,  1.497155432292849E+08,  1.523237886006862E+08,  3.159539103830117E+07,
2461441.500000000, A.D. 2027-Feb-05 00:00:00.0000,  1.744002734836165E-02,  1.471146009250394E+08,  2.385609070295518E-03,  2.041439447060958E+02,  2.600385777912157E+02,  2.461410666287614E+06,  1.139289347264113E-05,  3.035104133040733E+01,  3.138015698561857E+01,  1.497258233795345E+08,  1.523370458340296E+08,  3.159864531907573E+07,
2461442.500000000, A.D. 2027-Feb-06 00:00:00.0000,  1.742832394983883E-02,  1.471218433136012E+08,  2.340075452993208E-03,  2.071149272800301E+02,  2.573689348354458E+02,  2.461410960963922E+06,  1.139225576244759E-05,  3.104358613985635E+01,  3.209300553493285E+01,  1.497314108473145E+08,  1.523409783810279E+08,  3.160041413278937E+07,
2461443.500000000, A.D. 2027-Feb-07 00:00:00.0000,  1.738623588566607E-02,  1.471287362804790E+08,  2.327343313310373E-03,  2.080068067906697E+02,  2.567288189740935E+02,  2.461411206515865E+06,  1.139218711319297E-05,  3.178599095222232E+01,  3.285511357057332E+01,  1.497320123671294E+08,  1.523352884537797E+08,  3.160060455670485E+07,
2461444.500000000, A.D. 2027-Feb-08 00:00:00.0000,  1.731474341678967E-02,  1.471349652494012E+08,  2.348070573636916E-03,  2.066763775246520E+02,  2.582484990621768E+02,  2.461411390263263E+06,  1.139270693064312E-05,  3.259090314999098E+01,  3.367939531634165E+01,  1.497274577630161E+08,  1.523199502766309E+08,  3.159916270923315E+07,
2461445.500000000, A.D. 2027-Feb-09 00:00:00.0000,  1.721594562445949E-02,  1.471401943379683E+08,  2.411908292136637E-03,  2.032572562790273E+02,  2.617819459604106E+02,  2.461411500056685E+06,  1.139381768431756E-05,  3.347042302741162E+01,  3.457824025218043E+01,  1.497177265777485E+08,  1.522952588175287E+08,  3.159608218898426E+07,
2461446.500000000, A.D. 2027-Feb-10 00:00:00.0000,  1.709315969882656E-02,  1.471440734191813E+08,  2.535018294009118E-03,  1.982044555481783E+02,  2.668628241100412E+02,  2.461411524836292E+06,  1.139550237699350E-05,  3.443554608483444E+01,  3.556294878567240E+01,  1.497029701961325E+08,  1.522618669730837E+08,  3.159141107519821E+07,
2461447.500000000, A.D. 2027-Feb-11 00:00:00.0000,  1.695097167582503E-02,  1.471462477987690E+08,  2.733544653058310E-03,  1.922511932845516E+02,  2.727483973530637E+02,  2.461411455339863E+06,  1.139772254816502E-05,  3.549545587418161E+01,  3.664301716499426E+01,  1.496835290602061E+08,  1.522208103216431E+08,  3.158525735985373E+07,
2461448.500000000, A.D. 2027-Feb-12 00:00:00.0000,  1.679524724680451E-02,  1.471463718609038E+08,  3.015740256115387E-03,  1.862107364153015E+02,  2.786186070450618E+02,  2.461411285014339E+06,  1.140041650096301E-05,  3.665661148366625E+01,  3.782521639490281E+01,  1.496599476852209E+08,  1.521735235095379E+08,  3.157779366829188E+07,
2461449.500000000, A.D. 2027-Feb-13 00:00:00.0000,  1.663310660327272E-02,  1.471441299315600E+08,  3.377050220844140E-03,  1.807229052394835E+02,  2.838307976733445E+02,  2.461411011230791E+06,  1.140349730267488E-05,  3.792152815369236E+01,  3.911236282132281E+01,  1.496329914293713E+08,  1.521218529271826E+08,  3.156926252050377E+07,
2461450.500000000, A.D. 2027-Feb-14 00:00:00.0000,  1.647283979925016E-02,  1.471392694032343E+08,  3.799990209055302E-03,  1.761276340501294E+02,  2.880477923770208E+02,  2.461410636896793E+06,  1.140685037800517E-05,  3.928715601558731E+01,  4.050168265735660E+01,  1.496036666371281E+08,  1.520680638710220E+08,  3.155998264815995E+07,
2461451.500000000, A.D. 2027-Feb-15 00:00:00.0000,  1.632369217607328E-02,  1.471316513445786E+08,  4.256943821890400E-03,  1.725062677958213E+02,  2.911986117266149E+02,  2.461410172435569E+06,  1.141033130979144E-05,  4.074288788595150E+01,  4.198279728904482E+01,  1.495732388533998E+08,  1.520148263622211E+08,  3.155035469400231E+07,
2461452.500000000, A.D. 2027-Feb-16 00:00:00.0000,  1.619540290398722E-02,  1.471213199444913E+08,  4.713467892065214E-03,  1.697920075720973E+02,  2.933700860404131E+02,  2.461409637794358E+06,  1.141376572387726E-05,  4.226853659946390E+01,  4.353566627186395E+01,  1.495432328520958E+08,  1.519651457597004E+08,  3.154086115916071E+07,
2461453.500000000, A.D. 2027-Feb-17 00:00:00.0000,  1.609737601440489E-02,  1.471085816142771E+08,  5.131483998339701E-03,  1.678620680167729E+02,  2.947159770050479E+02,  2.461409063668248E+06,  1.141695443192790E-05,  4.383310245699219E+01,  4.512930908523223E+01,  1.495153870190623E+08,  1.519221924238474E+08,  3.153205192737284E+07,
2461454.500000000, A.D. 2027-Feb-18 00:00:00.0000,  1.603745904571253E-02,  1.470940676722358E+08,  5.472992362455524E-03,  1.665887118802946E+02,  2.954051839683434E+02,  2.461408490700161E+06,  1.141968732179939E-05,  4.539558107994208E+01,  4.672256481787318E+01,  1.494915319942749E+08,  1.518889963163139E+08,  3.152450586915676E+07,
2461455.500000000, A.D. 2027-Feb-19 00:00:00.0000,  1.602052475815245E-02,  1.470787395086795E+08,  5.704811049467256E-03,  1.658599156357404E+02,  2.955971258284538E+02,  2.461407965532425E+06,  1.142176741513240E-05,  4.690894747803764E+01,  4.826804472878533E+01,  1.494733815179729E+08,  1.518680235272664E+08,  3.151876473364756E+07,
2461456.500000000, A.D. 2027-Feb-20 00:00:00.0000,  1.604731169473750E-02,  1.470637993357733E+08,  5.803816925689109E-03,  1.655844464043709E+02,  2.954294970217029E+02,  2.461407533714799E+06,  1.142304148971805E-05,  4.832731360356550E+01,  4.971929865668443E+01,  1.494622669196347E+08,  1.518607345034961E+08,  3.151524927262483E+07,
2461457.500000000, A.D. 2027-Feb-21 00:00:00.0000,  1.611406659543049E-02,  1.470505064825272E+08,  5.761089807847416E-03,  1.656909691777915E+02,  2.950106800538451E+02,  2.461407231367276E+06,  1.142342782098913E-05,  4.961434443099070E+01,  5.103929377952613E+01,  1.494588971037363E+08,  1.518672877249455E+08,  3.151418345188339E+07,
2461458.500000000, A.D. 2027-Feb-22 00:00:00.0000,  1.621326640582212E-02,  1.470399546822642E+08,  5.583170079094303E-03,  1.661258897903941E+02,  2.944153663993305E+02,  2.461407078810007E+06,  1.142292970108549E-05,  5.074968716062347E+01,  5.220694867086377E+01,  1.494632420433916E+08,  1.518865294045189E+08,  3.151555769145548E+07,
2461459.500000000, A.D. 2027-Feb-23 00:00:00.0000,  1.633518359859221E-02,  1.470328967521770E+08,  5.289746229896805E-03,  1.668516559604542E+02,  2.936842780305412E+02,  2.461407078709172E+06,  1.142162871109276E-05,  5.173083536214371E+01,  5.321910855413830E+01,  1.494745916501061E+08,  1.519162865480351E+08,  3.151914749692097E+07,
2461460.500000000, A.D. 2027-Feb-24 00:00:00.0000,  1.646967008381303E-02,  1.470296782969211E+08,  4.908785503504379E-03,  1.678457291941904E+02,  2.928279890094815E+02,  2.461407218907580E+06,  1.141966139795365E-05,  5.257025576739319E+01,  5.408775004828942E+01,  1.494917582353057E+08,  1.519538381736903E+08,  3.152457743313741E+07,
2461461.500000000, A.D. 2027-Feb-25 00:00:00.0000,  1.660755013187875E-02,  1.470302811940699E+08,  4.471120646871854E-03,  1.690997872191986E+02,  2.918332497773849E+02,  2.461407477906622E+06,  1.141718989265559E-05,  5.328983506957576E+01,  5.483445341783769E+01,  1.495133313396778E+08,  1.519963814852857E+08,  3.153140163076201E+07,
2461462.500000000, A.D. 2027-Feb-26 00:00:00.0000,  1.674134175935627E-02,  1.470344299406701E+08,  4.006226032774546E-03,  1.706183861317345E+02,  2.906699821119523E+02,  2.461407830435622E+06,  1.141437686817047E-05,  5.391524255344727E+01,  5.548474518716197E+01,  1.495378949459347E+08,  1.520413599511993E+08,  3.153917241018010E+07,
2461463.500000000, A.D. 2027-Feb-27 00:00:00.0000,  1.686537151710076E-02,  1.470417059465363E+08,  3.539885235507451E-03,  1.724158010651404E+02,  2.892985476967489E+02,  2.461408251472322E+06,  1.141137014694578E-05,  5.447186490879512E+01,  5.606398916141630E+01,  1.495641610889449E+08,  1.520866162313534E+08,  3.154748249896644E+07,
2461464.500000000, A.D. 2027-Feb-28 00:00:00.0000,  1.697551739581794E-02,  1.470516350482756E+08,  3.093521675533153E-03,  1.745086217334157E+02,  2.876792986088396E+02,  2.461408718323727E+06,  1.140829693432971E-05,  5.498270724214955E+01,  5.659524092135606E+01,  1.495910200107258E+08,  1.521304049731760E+08,  3.155598088586670E+07,
2461465.500000000, A.D. 2027-Mar-01 00:00:00.0000,  1.706881377302433E-02,  1.470637379053612E+08,  2.684538491835459E-03,  1.768996898872400E+02,  2.857892046733430E+02,  2.461409211154909E+06,  1.140526480582557E-05,  5.546786548640659E+01,  5.709868358094579E+01,  1.496175316909739E+08,  1.521713254765867E+08,  3.156437015089027E+07,
2461466.500000000, A.D. 2027-Mar-02 00:00:00.0000,  1.714307529904975E-02,  1.470775481125661E+08,  2.327011527972001E-03,  1.795469998036863E+02,  2.836525509628262E+02,  2.461409712574964E+06,  1.140236614166507E-05,  5.594495148021413E+01,  5.759203027281136E+01,  1.496428873992181E+08,  1.522082266858702E+08,  3.157239431950304E+07,
2461467.500000000, A.D. 2027-Mar-03 00:00:00.0000,  1.719661871806727E-02,  1.470926081049321E+08,  2.032280512053086E-03,  1.823136428901389E+02,  2.813901524667585E+02,  2.461410206799897E+06,  1.139968344952661E-05,  5.642994340610289E+01,  5.809136520125052E+01,  1.496663634928381E+08,  1.522401188807440E+08,  3.157982426388774E+07,
2461468.500000000, A.D. 2027-Mar-04 00:00:00.0000,  1.722811082100751E-02,  1.471084526398334E+08,  1.809278587403189E-03,  1.849125620526680E+02,  2.792736801048374E+02,  2.461410678744899E+06,  1.139729393979147E-05,  5.693810460647281E+01,  5.861206344033319E+01,  1.496872817177624E+08,  1.522661107956913E+08,  3.158644515985754E+07,
2461469.500000000, A.D. 2027-Mar-05 00:00:00.0000,  1.723654470672096E-02,  1.471245877281411E+08,  1.664812571531647E-03,  1.869011409806401E+02,  2.777302981155574E+02,  2.461411113265736E+06,  1.139527239859023E-05,  5.748474885743514E+01,  5.916956432923503E+01,  1.497049843843001E+08,  1.522853810404590E+08,  3.159204865032780E+07,
2461470.500000000, A.D. 2027-Mar-06 00:00:00.0000,  1.722133332512388E-02,  1.471404712551420E+08,  1.604230308820228E-03,  1.878101011832234E+02,  2.772132869603099E+02,  2.461411494692384E+06,  1.139369182738930E-05,  5.808570835629065E+01,  5.977985154325034E+01,  1.497188291164029E+08,  1.522971869776638E+08,  3.159643120543212E+07,
2461471.500000000, A.D. 2027-Mar-07 00:00:00.0000,  1.718249828618976E-02,  1.471555005204577E+08,  1.632384110843572E-03,  1.874066848922036E+02,  2.779387791705644E+02,  2.461411806757549E+06,  1.139262162871073E-05,  5.875740216272946E+01,  6.045953436285767E+01,  1.497282051488216E+08,  1.523009097771855E+08,  3.159939930707065E+07,
2461472.500000000, A.D. 2027-Mar-08 00:00:00.0000,  1.712091784710796E-02,  1.471690110817435E+08,  1.753650237134982E-03,  1.858903948063154E+02,  2.796904083010377E+02,  2.461412032989013E+06,  1.139212346023492E-05,  5.951643734290185E+01,  6.122545906888592E+01,  1.497325701136964E+08,  1.522961291456493E+08,  3.160078112360769E+07,
2461473.500000000, A.D. 2027-Mar-09 00:00:00.0000,  1.703858189827827E-02,  1.471802899915797E+08,  1.969970759322247E-03,  1.837917406662422E+02,  2.819214420464110E+02,  2.461412157585382E+06,  1.139224530709913E-05,  6.037872494958086E+01,  6.209382947493600E+01,  1.497315024589793E+08,  1.522827149263788E+08,  3.160044313438936E+07,
2461474.500000000, A.D. 2027-Mar-10 00:00:00.0000,  1.693879023194147E-02,  1.471886044913123E+08,  2.278045028697285E-03,  1.816589302285007E+02,  2.840694118924645E+02,  2.461412166724670E+06,  1.139301475313646E-05,  6.135816315856580E+01,  6.307888669568585E+01,  1.497247608071522E+08,  1.522609171229922E+08,  3.159830894635621E+07,
2461475.500000000, A.D. 2027-Mar-11 00:00:00.0000,  1.682623173090763E-02,  1.471932448551193E+08,  2.667704978787102E-03,  1.798346221514182E+02,  2.857809952871216E+02,  2.461412050179662E+06,  1.139443267782573E-05,  6.246501462100428E+01,  6.419127466013805E+01,  1.497123393703410E+08,  1.522314338855626E+08,  3.159437684866770E+07,
2461476.500000000, A.D. 2027-Mar-12 00:00:00.0000,  1.670690011366836E-02,  1.471935783300832E+08,  3.121984124808868E-03,  1.784393779232001E+02,  2.869303327804597E+02,  2.461411803060507E+06,  1.139646849148997E-05,  6.370415704144057E+01,  6.543627176629261E+01,  1.496945095486775E+08,  1.521954407672719E+08,  3.158873297186940E+07,
2461477.500000000, A.D. 2027-Mar-13 00:00:00.0000,  1.658783085793121E-02,  1.471891108794673E+08,  3.618144396711010E-03,  1.774576184945408E+02,  2.875347804005590E+02,  2.461411427490972E+06,  1.139905754433299E-05,  6.507339832809149E+01,  6.681208269939849E+01,  1.496718420800868E+08,  1.521545732807063E+08,  3.158155826478594E+07,
2461478.500000000, A.D. 2027-Mar-14 00:00:00.0000,  1.647667068402829E-02,  1.471795545702770E+08,  4.129028651278872E-03,  1.768184564783937E+02,  2.876755442123912E+02,  2.461410934035569E+06,  1.140210075136123E-05,  6.656203588038467E+01,  6.830837254681653E+01,  1.496452094050871E+08,  1.521108642398973E+08,  3.157312918472692E+07,
2461479.500000000, A.D. 2027-Mar-15 00:00:00.0000,  1.638110467551604E-02,  1.471648992525878E+08,  4.624556331803757E-03,  1.764405915964626E+02,  2.874538172131878E+02,  2.461410342684276E+06,  1.140546615004662E-05,  6.814985099159355E+01,  6.990523532422920E+01,  1.496157708560894E+08,  1.520666424595910E+08,  3.156381293530282E+07,
2461480.500000000, A.D. 2027-Mar-16 00:00:00.0000,  1.630816919883373E-02,  1.471454848954352E+08,  5.073427885987872E-03,  1.762499245639775E+02,  2.869734935543876E+02,  2.461409683125798E+06,  1.140899232812225E-05,  6.980680867468244E+01,  7.157286668592728E+01,  1.495849414298711E+08,  1.520243979643071E+08,  3.155405750537924E+07,
2461481.500000000, A.D. 2027-Mar-17 00:00:00.0000,  1.626348903134285E-02,  1.471220634420147E+08,  5.445196497077820E-03,  1.761832801495042E+02,  2.863366671158291E+02,  2.461408993913818E+06,  1.141249436431281E-05,  7.149386591427943E+01,  7.327234300411600E+01,  1.495543387905241E+08,  1.519866141390336E+08,  3.154437483235306E+07,
2461482.500000000, A.D. 2027-Mar-18 00:00:00.0000,  1.625051534996508E-02,  1.470958273998952E+08,  5.712841247857267E-03,  1.761865987727112E+02,  2.856430820308867E+02,  2.461408320069595E+06,  1.141577362869988E-05,  7.316535974057101E+01,  7.495797977407514E+01,  1.495256970347730E+08,  1.519555666696508E+08,  3.153531348019553E+07,
2461483.500000000, A.D. 2027-Mar-19 00:00:00.0000,  1.626990810950146E-02,  1.470683732594747E+08,  5.855776186159614E-03,  1.762115427023473E+02,  2.849893054812018E+02,  2.461407708862620E+06,  1.141863270144453E-05,  7.477325220414608E+01,  7.658155284190458E+01,  1.495007365047091E+08,  1.519330997499435E+08,  3.152741745992563E+07,
2461484.500000000, A.D. 2027-Mar-20 00:00:00.0000,  1.631926260990325E-02,  1.470415728185139E+08,  5.862848374192615E-03,  1.762120874189437E+02,  2.844663602312513E+02,  2.461407204102037E+06,  1.142089511205591E-05,  7.627291285475351E+01,  7.809807427692814E+01,  1.494809923884906E+08,  1.519204119584674E+08,  3.152117206820186E+07,
2461485.500000000, A.D. 2027-Mar-21 00:00:00.0000,  1.639335635871149E-02,  1.470173534623740E+08,  5.734485533603513E-03,  1.761415920722787E+02,  2.841564869058979E+02,  2.461406840108914E+06,  1.142242673465721E-05,  7.762926322543743E+01,  7.947195885343753E+01,  1.494676295781403E+08,  1.519179056939067E+08,  3.151694542348963E+07,
2461486.500000000, A.D. 2027-Mar-22 00:00:00.0000,  1.648494563638209E-02,  1.469974326828327E+08,  5.483076992437730E-03,  1.759503791817893E+02,  2.841307790858898E+02,  2.461406637115198E+06,  1.142315302874907E-05,  7.882150646145429E+01,  8.068180793918270E+01,  1.494612939889845E+08,  1.519251552951362E+08,  3.151494154844768E+07,
2461487.500000000, A.D. 2027-Mar-23 00:00:00.0000,  1.658592235123202E-02,  1.469830857579592E+08,  5.131147124378804E-03,  1.755836821241849E+02,  2.844493892774670E+02,  2.461406599589683E+06,  1.142306615795501E-05,  7.984489587184201E+01,  8.172225437927983E+01,  1.494620517426181E+08,  1.519410177272770E+08,  3.151518121509751E+07,
2461488.500000000, A.D. 2027-Mar-24 00:00:00.0000,  1.668848749878519E-02,  1.469750198248502E+08,  4.707746790357496E-03,  1.749798943768925E+02,  2.851648168010669E+02,  2.461406717878975E+06,  1.142221935800999E-05,  8.070911935862405E+01,  8.260242367798270E+01,  1.494694386837748E+08,  1.519638575426994E+08,  3.151751763089236E+07,
2461489.500000000, A.D. 2027-Mar-25 00:00:00.0000,  1.678601733255815E-02,  1.469733811865196E+08,  4.244203842308531E-03,  1.740695008527355E+02,  2.863269914568386E+02,  2.461406972232183E+06,  1.142071102483078E-05,  8.143422806261322E+01,  8.334191760700665E+01,  1.494825986788587E+08,  1.519918161711979E+08,  3.152168014909860E+07,
2461490.500000000, A.D. 2027-Mar-26 00:00:00.0000,  1.687346960423176E-02,  1.469778668261333E+08,  3.770470139989737E-03,  1.727761313588279E+02,  2.879870618452835E+02,  2.461407337574548E+06,  1.141866457884999E-05,  8.204577193157854E+01,  8.396597153007689E+01,  1.495004582644777E+08,  1.520230497028221E+08,  3.152732944505642E+07,
2461491.500000000, A.D. 2027-Mar-27 00:00:00.0000,  1.694737388007247E-02,  1.469878806000506E+08,  3.312795667137020E-03,  1.710231877423876E+02,  2.901949483999640E+02,  2.461407787582683E+06,  1.141621032576713E-05,  8.257062784052901E+01,  8.450127385053554E+01,  1.495218838692354E+08,  1.520558871384201E+08,  3.153410717981051E+07,
2461492.500000000, A.D. 2027-Mar-28 00:00:00.0000,  1.700556328659913E-02,  1.470026788459914E+08,  2.892757230112336E-03,  1.687526193356599E+02,  2.929833090629176E+02,  2.461408297323995E+06,  1.141347306004979E-05,  8.303428576845330E+01,  8.497322492638132E+01,  1.495457892289690E+08,  1.520888996119466E+08,  3.154166992868248E+07,
2461493.500000000, A.D. 2027-Mar-29 00:00:00.0000,  1.704681541987504E-02,  1.470214740165125E+08,  2.527162428658877E-03,  1.659652988071739E+02,  2.963283984125386E+02,  2.461408844416786E+06,  1.141056617104533E-05,  8.345964677901216E+01,  8.540470236302158E+01,  1.495711864236075E+08,  1.521208988307025E+08,  3.154970529976954E+07,
2461494.500000000, A.D. 2027-Mar-30 00:00:00.0000,  1.707052166608643E-02,  1.470434889776418E+08,  2.228199617253766E-03,  1.627888713993347E+02,  3.000822873365230E+02,  2.461409409057361E+06,  1.140759103332003E-05,  8.386698305664973E+01,  8.581599244826054E+01,  1.495971910689703E+08,  1.521508931602989E+08,  3.155793356796267E+07,
2461495.500000000, A.D. 2027-Mar-31 00:00:00.0000,  1.707644690932873E-02,  1.470679690712267E+08,  2.003448378288775E-03,  1.595558081526516E+02,  3.038941574213749E+02,  2.461409973354521E+06,  1.140463976420036E-05,  8.427461027866519E+01,  8.622544284041000E+01,  1.496229982573835E+08,  1.521780274435403E+08,  3.156610006482229E+07,
2461496.500000000, A.D. 2027-Apr-01 00:00:00.0000,  1.706460136411248E-02,  1.470941641200413E+08,  1.856009283398390E-03,  1.568274993467176E+02,  3.071852194642701E+02,  2.461410520348959E+06,  1.140179953930542E-05,  8.469988522210846E+01,  8.665045080802562E+01,  1.496478449389226E+08,  1.522015257578038E+08,  3.157396328175849E+07,
2461497.500000000, A.D. 2027-Apr-02 00:00:00.0000,  1.703522601768982E-02,  1.471212925527545E+08,  1.785675763181222E-03,  1.552769150292390E+02,  3.092650210580988E+02,  2.461411033001446E+06,  1.139915701444531E-05,  8.516023716286072E+01,  8.710849517743536E+01,  1.496709713784740E+08,  1.522206502041935E+08,  3.158128268114901E+07,
2461498.500000000, A.D. 2027-Apr-03 00:00:00.0000,  1.698888490757754E-02,  1.471484987127138E+08,  1.791653834867491E-03,  1.554256248015708E+02,  3.095935825085063E+02,  2.461411493374554E+06,  1.139680168254401E-05,  8.567400285544943E+01,  8.761798057363528E+01,  1.496915919398113E+08,  1.522346851669088E+08,  3.158780945985893E+07,
2461499.500000000, A.D. 2027-Apr-04 00:00:00.0000,  1.692665103250957E-02,  1.471748143036131E+08,  1.875404505921558E-03,  1.573834849776100E+02,  3.080412707290267E+02,  2.461411882219808E+06,  1.139482712612251E-05,  8.626084921092558E+01,  8.819867623366581E+01,  1.497088843453939E+08,  1.522429543871747E+08,  3.159328316396341E+07,
2461500.500000000, A.D. 2027-Apr-05 00:00:00.0000,  1.685035981345411E-02,  1.471991360534394E+08,  2.040879075152097E-03,  1.607819575486645E+02,  3.049556733673145E+02,  2.461412179190930E+06,  1.139332922466458E-05,  8.694155996225322E+01,  8.887152277596118E+01,  1.497220057218446E+08,  1.522448753902497E+08,  3.159743678964904E+07,
2461501.500000000, A.D. 2027-Apr-06 00:00:00.0000,  1.676288079044070E-02,  1.472202327083643E+08,  2.291136909696886E-03,  1.649580375998278E+02,  3.009787051313974E+02,  2.461412363885288E+06,  1.139240066305025E-05,  8.773698231472653E+01,  8.965759840349330E+01,  1.497301412163092E+08,  1.522400497242540E+08,  3.160001220529512E+07,
2461502.500000000, A.D. 2027-Apr-07 00:00:00.0000,  1.666832847909530E-02,  1.472367929636194E+08,  2.623553395195159E-03,  1.692520034612410E+02,  2.967508354453977E+02,  2.461412417810468E+06,  1.139212177591446E-05,  8.866603638576564E+01,  9.057614123122434E+01,  1.497325848722948E+08,  1.522283767809702E+08,  3.160078579577003E+07,
2461503.500000000, A.D. 2027-Apr-08 00:00:00.0000,  1.657211130767672E-02,  1.472475195066677E+08,  3.026720261097485E-03,  1.732118606386602E+02,  2.927094392675569E+02,  2.461412327144161E+06,  1.139254888041583E-05,  8.974292112357415E+01,  9.164175495056811E+01,  1.497288425513991E+08,  1.522101655961305E+08,  3.159960108829132E+07,
2461504.500000000, A.D. 2027-Apr-09 00:00:00.0000,  1.648072495786202E-02,  1.472512626421976E+08,  3.480199923804232E-03,  1.766241607129236E+02,  2.890611389343160E+02,  2.461412085835708E+06,  1.139370246237576E-05,  9.097397204411131E+01,  9.286124882087717E+01,  1.497187359504355E+08,  1.521862092586733E+08,  3.159640171303320E+07,
2461505.500000000, A.D. 2027-Apr-10 00:00:00.0000,  1.640124875127405E-02,  1.472471734078789E+08,  3.956435290610548E-03,  1.794413352370138E+02,  2.858572581948495E+02,  2.461411698315348E+06,  1.139555822983987E-05,  9.235490914163951E+01,  9.423085076372074E+01,  1.497024810380672E+08,  1.521577886682554E+08,  3.159125623677837E+07,
2461506.500000000, A.D. 2027-Apr-11 00:00:00.0000,  1.634059221994990E-02,  1.472348470631808E+08,  4.423764977912803E-03,  1.816972298093343E+02,  2.830798900424699E+02,  2.461411181007908E+06,  1.139804355572430E-05,  9.386928203477417E+01,  9.573460666522547E+01,  1.496807186498267E+08,  1.521265902364726E+08,  3.158436781189536E+07,
2461507.500000000, A.D. 2027-Apr-12 00:00:00.0000,  1.630462621387271E-02,  1.472144285356518E+08,  4.849795716792145E-03,  1.834501174197861E+02,  2.806987244492310E+02,  2.461410562088896E+06,  1.140104025160086E-05,  9.548867748094592E+01,  9.734454052397372E+01,  1.496544890406884E+08,  1.520945495457249E+08,  3.157606604796005E+07,
2461508.500000000, A.D. 2027-Apr-13 00:00:00.0000,  1.629737489494843E-02,  1.471866612893408E+08,  5.204624296596429E-03,  1.847533288439016E+02,  2.786983924329795E+02,  2.461409879389939E+06,  1.140439276941002E-05,  9.717478608646056E+01,  9.902268107959502E+01,  1.496251585926412E+08,  1.520636558959416E+08,  3.156678371913210E+07,
2461509.500000000, A.D. 2027-Apr-14 00:00:00.0000,  1.632042505456036E-02,  1.471528737160261E+08,  5.463577604575552E-03,  1.856427833170005E+02,  2.770874119942677E+02,  2.461409176833540E+06,  1.140791983778096E-05,  9.888295456922421E+01,  1.007245860338342E+02,  1.495943165478332E+08,  1.520357593796403E+08,  3.155702399027607E+07,
2461510.500000000, A.D. 2027-Apr-15 00:00:00.0000,  1.637264935386096E-02,  1.471149055005216E+08,  5.609326322003548E-03,  1.861325883874678E+02,  2.758982147014342E+02,  2.461408500054677E+06,  1.141142762736358E-05,  1.005665754855582E+02,  1.024037161230116E+02,  1.495636588428358E+08,  1.520124121851501E+08,  3.154732359137538E+07,
2461511.500000000, A.D. 2027-Apr-16 00:00:00.0000,  1.645027748848445E-02,  1.470749787171862E+08,  5.633358480947832E-03,  1.862137537609594E+02,  2.751838981357774E+02,  2.461407891907939E+06,  1.141472335968072E-05,  1.021816260313765E+02,  1.040159689949751E+02,  1.495348688032030E+08,  1.519947588892198E+08,  3.153821504528075E+07,
2461512.500000000, A.D. 2027-Apr-17 00:00:00.0000,  1.654730324876618E-02,  1.470355193428745E+08,  5.536801111869723E-03,  1.858538398400196E+02,  2.750144823095854E+02,  2.461407388464398E+06,  1.141762895082088E-05,  1.036907578331066E+02,  1.055237740674131E+02,  1.495094983506536E+08,  1.519834773584328E+08,  3.153018910936999E+07,
2461513.500000000, A.D. 2027-Apr-18 00:00:00.0000,  1.665617770004845E-02,  1.469989410263467E+08,  5.330486238783974E-03,  1.849970427249029E+02,  2.754736598526424E+02,  2.461407015986526E+06,  1.141999419410104E-05,  1.050664448707233E+02,  1.068992568081693E+02,  1.494888539417776E+08,  1.519787668572084E+08,  3.152365875859699E+07,
2461514.500000000, A.D. 2027-Apr-19 00:00:00.0000,  1.676869289050127E-02,  1.469674162597436E+08,  5.034095061624718E-03,  1.835654475301904E+02,  2.766557006662175E+02,  2.461406789256224E+06,  1.142170819863749E-05,  1.062927952071827E+02,  1.081260799069866E+02,  1.494738981530176E+08,  1.519803800462916E+08,  3.151892814447360E+07,
2461515.500000000, A.D. 2027-Apr-20 00:00:00.0000,  1.687690938995360E-02,  1.469426741111040E+08,  4.674293021337409E-03,  1.814635921172479E+02,  2.786606059074185E+02,  2.461406711460761E+06,  1.142270702393862E-05,  1.073657904154892E+02,  1.091997244441188E+02,  1.494651844866377E+08,  1.519876948621714E+08,  3.151617206372766E+07,
2461516.500000000, A.D. 2027-Apr-21 00:00:00.0000,  1.697395339421643E-02,  1.469258668128947E+08,  4.281982950211328E-03,  1.785905264984871E+02,  2.815832951232832E+02,  2.461406775567837E+06,  1.142297554719140E-05,  1.082919892777812E+02,  1.101262421064916E+02,  1.494628421293657E+08,  1.519998174458366E+08,  3.151543120378248E+07,
2461517.500000000, A.D. 2027-Apr-22 00:00:00.0000,  1.705453650015060E-02,  1.469175324020173E+08,  3.889009086766700E-03,  1.748659702293266E+02,  2.854898603622897E+02,  2.461406966797627E+06,  1.142254289288970E-05,  1.090860691848848E+02,  1.109198424734754E+02,  1.494666162646569E+08,  1.520157001272965E+08,  3.151662492106663E+07,
2461518.500000000, A.D. 2027-Apr-23 00:00:00.0000,  1.711513443497906E-02,  1.469176519905655E+08,  3.524677870595368E-03,  1.702774382119919E+02,  2.903733973261951E+02,  2.461407265566136E+06,  1.142147267554809E-05,  1.097678344567917E+02,  1.115999350449200E+02,  1.494759530213221E+08,  1.520342540520786E+08,  3.151957809877828E+07,
2461519.500000000, A.D. 2027-Apr-24 00:00:00.0000,  1.715386258658022E-02,  1.469257726980909E+08,  3.212348356536987E-03,  1.649466698505274E+02,  2.960904084754052E+02,  2.461407650246739E+06,  1.141985078765361E-05,  1.103593673842796E+02,  1.121882962635660E+02,  1.494901054245978E+08,  1.520544381511048E+08,  3.152405462155497E+07,
2461520.500000000, A.D. 2027-Apr-25 00:00:00.0000,  1.717015815032650E-02,  1.469411541152180E+08,  2.966399086979112E-03,  1.591896216563449E+02,  3.023030120522093E+02,  2.461408099273972E+06,  1.141777376876374E-05,  1.108828276901406E+02,  1.127068674922028E+02,  1.495082341401809E+08,  1.520753141651439E+08,  3.152978919453393E+07,
2461521.500000000, A.D. 2027-Apr-26 00:00:00.0000,  1.716439729409197E-02,  1.469629002738469E+08,  2.790380790303305E-03,  1.535175784953750E+02,  3.084791688557661E+02,  2.461408592385942E+06,  1.141533998951829E-05,  1.113591284818936E+02,  1.131764168714072E+02,  1.495294837399397E+08,  1.520960672060325E+08,  3.153651142502601E+07,
2461522.500000000, A.D. 2027-Apr-27 00:00:00.0000,  1.713755073488624E-02,  1.469900535636773E+08,  2.677635307138676E-03,  1.485434536624304E+02,  3.139868731404640E+02,  2.461409111041557E+06,  1.141264461892350E-05,  1.118074653867936E+02,  1.136160484079089E+02,  1.495530261366499E+08,  1.521159987096226E+08,  3.154395953091170E+07,
2461523.500000000, A.D. 2027-Apr-28 00:00:00.0000,  1.709093906197973E-02,  1.470216425099626E+08,  2.614953225008242E-03,  1.448348742385437E+02,  3.182408787089322E+02,  2.461409638188310E+06,  1.140977825459643E-05,  1.122455251920316E+02,  1.140433906633862E+02,  1.495780722274097E+08,  1.521345019448568E+08,  3.155188400396599E+07,
2461524.500000000, A.D. 2027-Apr-29 00:00:00.0000,  1.702611231646681E-02,  1.470566861435652E+08,  2.588054977378093E-03,  1.428080718036726E+02,  3.208081599692499E+02,  2.461410157600253E+06,  1.140682846464280E-05,  1.126901497084089E+02,  1.144752451115340E+02,  1.496038582368832E+08,  1.521510303302011E+08,  3.156004327722422E+07,
2461525.500000000, A.D. 2027-Apr-30 00:00:00.0000,  1.694485554475362E-02,  1.470941631355780E+08,  2.586750134578082E-03,  1.427055767061871E+02,  3.214293275040930E+02,  2.461410652999429E+06,  1.140388324861974E-05,  1.131582343076584E+02,  1.149284763480837E+02,  1.496296153529508E+08,  1.521650675703236E+08,  3.156819410998200E+07,
2461526.500000000, A.D. 2027-May-01 00:00:00.0000,  1.684931064657355E-02,  1.471329562418473E+08,  2.608383567429194E-03,  1.446156638185723E+02,  3.199982622398830E+02,  2.461411107166767E+06,  1.140103534932296E-05,  1.136676473928162E+02,  1.154209320975521E+02,  1.496545319401748E+08,  1.521761076385024E+08,  3.157607962520511E+07,
2461527.500000000, A.D. 2027-May-02 00:00:00.0000,  1.674219637358802E-02,  1.471717849644029E+08,  2.659133427760223E-03,  1.484693646378232E+02,  3.165643913143397E+02,  2.461411501273639E+06,  1.139838622652895E-05,  1.142379318113326E+02,  1.159721550506408E+02,  1.496777187240313E+08,  1.521836524836597E+08,  3.158341828794369E+07,
2461528.500000000, A.D. 2027-May-03 00:00:00.0000,  1.662709304428843E-02,  1.472091439166157E+08,  2.752690980898295E-03,  1.539936333684732E+02,  3.113793210805401E+02,  2.461411814728471E+06,  1.139604824755891E-05,  1.148904850284305E+02,  1.166035834818521E+02,  1.496981896443946E+08,  1.521872353721735E+08,  3.158989784701147E+07,
2461529.500000000, A.D. 2027-May-04 00:00:00.0000,  1.650872908342413E-02,  1.472432714267513E+08,  2.905549461299291E-03,  1.606698513491344E+02,  3.049390173730200E+02,  2.461412025900554E+06,  1.139414335470068E-05,  1.156478454334172E+02,  1.173378662299566E+02,  1.497148737166993E+08,  1.521864760066473E+08,  3.159517910150579E+07,
2461530.500000000, A.D. 2027-May-05 00:00:00.0000,  1.639316373585798E-02,  1.472721793556547E+08,  3.129284671052891E-03,  1.677910800577939E+02,  2.979284868479869E+02,  2.461412114067885E+06,  1.139279647398810E-05,  1.165317261094382E+02,  1.181969281127207E+02,  1.497266732254651E+08,  1.521811670952754E+08,  3.159891435100660E+07,
2461531.500000000, A.D. 2027-May-06 00:00:00.0000,  1.628772177286898E-02,  1.472937737522988E+08,  3.422952586866730E-03,  1.746456212927405E+02,  2.910415391733021E+02,  2.461412062707237E+06,  1.139212275475762E-05,  1.175596675770459E+02,  1.191986475631008E+02,  1.497325762953320E+08,  1.521713788383653E+08,  3.160078308054181E+07,
2461532.500000000, A.D. 2027-May-07 00:00:00.0000,  1.620054003893075E-02,  1.473060778216547E+08,  3.769849701356613E-03,  1.807120569430476E+02,  2.847900600829497E+02,  2.461411863712547E+06,  1.139220974397300E-05,  1.187407200440079E+02,  1.203525442215226E+02,  1.497318140706073E+08,  1.521575503195599E+08,  3.160054178167292E+07,
2461533.500000000, A.D. 2027-May-08 00:00:00.0000,  1.613967519711446E-02,  1.473075307300793E+08,  4.140115775502770E-03,  1.857307748469282E+02,  2.794366561734831E+02,  2.461411521407782E+06,  1.139309840625440E-05,  1.200712986368485E+02,  1.216556092068489E+02,  1.497240279097463E+08,  1.521405250894133E+08,  3.159807693773391E+07,
2461534.500000000, A.D. 2027-May-09 00:00:00.0000,  1.611189956125038E-02,  1.472972909679864E+08,  4.497123624160925E-03,  1.896485361632008E+02,  2.750524802500529E+02,  2.461411054742201E+06,  1.139476897544398E-05,  1.215328487389792E+02,  1.230899137936487E+02,  1.497093936823725E+08,  1.521214963967586E+08,  3.159344439328338E+07,
2461535.500000000, A.D. 2027-May-10 00:00:00.0000,  1.612149808241033E-02,  1.472754498182680E+08,  4.804682249374773E-03,  1.925208123250771E+02,  2.716141490582992E+02,  2.461410496355545E+06,  1.139713707636987E-05,  1.230926691654642E+02,  1.246233563858567E+02,  1.496886551858045E+08,  1.521018605533410E+08,  3.158687989691746E+07,
2461536.500000000, A.D. 2027-May-11 00:00:00.0000,  1.616944281310064E-02,  1.472430826780991E+08,  5.033014823359973E-03,  1.944340016677082E+02,  2.690774571635104E+02,  2.461409888381451E+06,  1.140006193608857E-05,  1.247080573402419E+02,  1.262137336219734E+02,  1.496630508195602E+08,  1.520830189610213E+08,  3.157877580124080E+07,
2461537.500000000, A.D. 2027-May-12 00:00:00.0000,  1.625319102438338E-02,  1.472021267362402E+08,  5.162567116596982E-03,  1.954609619010029E+02,  2.674156949210353E+02,  2.461409276269162E+06,  1.140336379794079E-05,  1.263325118639646E+02,  1.278148911976918E+02,  1.496341593112997E+08,  1.520661918863592E+08,  3.156963211723620E+07,
2461538.500000000, A.D. 2027-May-13 00:00:00.0000,  1.636710480619019E-02,  1.471551355039977E+08,  5.185544377854416E-03,  1.956407773718717E+02,  2.666336319205549E+02,  2.461408702605403E+06,  1.140684482499237E-05,  1.279220030374393E+02,  1.293829739042752E+02,  1.496037151899063E+08,  1.520522948758149E+08,  3.155999801200424E+07,
2461539.500000000, A.D. 2027-May-14 00:00:00.0000,  1.650328470415274E-02,  1.471049879095153E+08,  5.105662260520945E-03,  1.949721320987956E+02,  2.667694276357591E+02,  2.461408202540721E+06,  1.141030817952634E-05,  1.294396825155784E+02,  1.308811421510829E+02,  1.495734409903590E+08,  1.520418940712027E+08,  3.155041865091360E+07,
2461540.500000000, A.D. 2027-May-15 00:00:00.0000,  1.665255095574967E-02,  1.470546163167284E+08,  4.936818023283805E-03,  1.934147331083107E+02,  2.678906726869128E+02,  2.461407801429139E+06,  1.141357248781415E-05,  1.308583950524686E+02,  1.322821071309331E+02,  1.495449207293474E+08,  1.520352251419664E+08,  3.154139515777017E+07,
2461541.500000000, A.D. 2027-May-16 00:00:00.0000,  1.680537214726070E-02,  1.470067853136060E+08,  4.701230817856271E-03,  1.908987938614768E+02,  2.700843089924042E+02,  2.461407514407284E+06,  1.141648146714898E-05,  1.321612447202477E+02,  1.335687266979136E+02,  1.495195164304990E+08,  1.520322475473920E+08,  3.153335824491135E+07,
2461542.500000000, A.D. 2027-May-17 00:00:00.0000,  1.695264426548482E-02,  1.469639260477875E+08,  4.427224543498103E-03,  1.873475165043432E+02,  2.734348462543482E+02,  2.461407347250788E+06,  1.141890980681536E-05,  1.333408654139225E+02,  1.347333058952817E+02,  1.494983178485626E+08,  1.520327096493376E+08,  3.152665237666860E+07,
2461543.500000000, A.D. 2027-May-18 00:00:00.0000,  1.708629411362349E-02,  1.469280200112014E+08,  4.146433095372841E-03,  1.827204457077807E+02,  2.779823870601090E+02,  2.461407297884142E+06,  1.142076641001858E-05,  1.343980122991360E+02,  1.357762171688955E+02,  1.494821153996464E+08,  1.520362107880914E+08,  3.152152728421089E+07,
2461544.500000000, A.D. 2027-May-19 00:00:00.0000,  1.719970468198133E-02,  1.469005279415235E+08,  3.889989296175007E-03,  1.770809105195306E+02,  2.836568377837872E+02,  2.461407358131703E+06,  1.142199548769030E-05,  1.353398803949281E+02,  1.367042467186560E+02,  1.494713917378187E+08,  1.520422555341140E+08,  3.151813537205287E+07,
2461545.500000000, A.D. 2027-May-20 00:00:00.0000,  1.728795826197491E-02,  1.468823644349054E+08,  3.683517031515145E-03,  1.706692573289778E+02,  2.902063828634613E+02,  2.461407515484571E+06,  1.142257546228391E-05,  1.361783698664550E+02,  1.375288863656269E+02,  1.494663321466267E+08,  1.520502998583481E+08,  3.151653505714893E+07,
2461546.500000000, A.D. 2027-May-21 00:00:00.0000,  1.734789385883290E-02,  1.468739194291894E+08,  3.541823702427776E-03,  1.639294822833402E+02,  2.971724878961302E+02,  2.461407754752998E+06,  1.142251557671225E-05,  1.369284259742637E+02,  1.382646972119748E+02,  1.494668545574660E+08,  1.520597896857425E+08,  3.151670029095455E+07,
2461547.500000000, A.D. 2027-May-22 00:00:00.0000,  1.737799204171192E-02,  1.468751221098551E+08,  3.465656765594309E-03,  1.574348178070455E+02,  3.039657718080281E+02,  2.461408059500650E+06,  1.142185048868027E-05,  1.376065614798100E+02,  1.389278502413971E+02,  1.494726567492979E+08,  1.520701913887408E+08,  3.151853549096805E+07,
2461548.500000000, A.D. 2027-May-23 00:00:00.0000,  1.737812743580013E-02,  1.468855343440349E+08,  3.442864371970512E-03,  1.517326327817739E+02,  3.100222855413163E+02,  2.461408413166756E+06,  1.142063366342666E-05,  1.382296668669864E+02,  1.395349469046397E+02,  1.494832737243370E+08,  1.520810131046391E+08,  3.152189367152725E+07,
2461549.500000000, A.D. 2027-May-24 00:00:00.0000,  1.734925191683693E-02,  1.469044544991449E+08,  3.453675442680496E-03,  1.472130052254750E+02,  3.149357556912457E+02,  2.461408799808430E+06,  1.141893072073935E-05,  1.388141919296877E+02,  1.401022024340300E+02,  1.494981353097308E+08,  1.520918161203167E+08,  3.152659463518408E+07,
2461550.500000000, A.D. 2027-May-25 00:00:00.0000,  1.729307892022935E-02,  1.469310115393924E+08,  3.477117693342368E-03,  1.440795642423400E+02,  3.184871579825885E+02,  2.461409204441587E+06,  1.141681387855059E-05,  1.393757359720408E+02,  1.406450302109773E+02,  1.495166141477347E+08,  1.521022167560770E+08,  3.153244012117535E+07,
2461551.500000000, A.D. 2027-May-26 00:00:00.0000,  1.721183006401831E-02,  1.469642332987363E+08,  3.495795197471783E-03,  1.424041552433870E+02,  3.205900815361005E+02,  2.461409613009761E+06,  1.141435832243561E-05,  1.399290290969672E+02,  1.411780121937381E+02,  1.495380569225914E+08,  1.521118805464466E+08,  3.153922365415832E+07,
2461552.500000000, A.D. 2027-May-27 00:00:00.0000,  1.710808663058323E-02,  1.470030792419982E+08,  3.498357705089691E-03,  1.422025100721706E+02,  3.212147626752686E+02,  2.461410012050928E+06,  1.141164089715387E-05,  1.404882409231688E+02,  1.417151949617767E+02,  1.495617953942282E+08,  1.521205115464583E+08,  3.154673400998678E+07,
2461553.500000000, A.D. 2027-May-28 00:00:00.0000,  1.698476887913966E-02,  1.470464342780347E+08,  3.480469536141203E-03,  1.434890864826241E+02,  3.203327171939875E+02,  2.461410388160667E+06,  1.140874111880342E-05,  1.410675200054130E+02,  1.422706179448549E+02,  1.495871372311988E+08,  1.521278401843628E+08,  3.155475229485773E+07,
2461554.500000000, A.D. 2027-May-29 00:00:00.0000,  1.684524985151797E-02,  1.470930652974771E+08,  3.445244876379329E-03,  1.462975277434875E+02,  3.178956442093158E+02,  2.461410727376962E+06,  1.140574418901457E-05,  1.416816368430232E+02,  1.428589498780594E+02,  1.496133393804609E+08,  1.521336134634447E+08,  3.156304350107498E+07,
2461555.500000000, A.D. 2027-May-30 00:00:00.0000,  1.669359491640323E-02,  1.471415470498538E+08,  3.403542216055158E-03,  1.506618699642478E+02,  3.138536444744307E+02,  2.461411014655659E+06,  1.140274538488793E-05,  1.423465568671619E+02,  1.434960629644587E+02,  1.496395694049653E+08,  1.521375917600768E+08,  3.157134425513951E+07,
2461556.500000000, A.D. 2027-May-31 00:00:00.0000,  1.653489568339072E-02,  1.471901711249819E+08,  3.373633980286105E-03,  1.565518537941841E+02,  3.082196453192387E+02,  2.461411233680173E+06,  1.139985476566819E-05,  1.430796915392671E+02,  1.441992958994946E+02,  1.496648640393412E+08,  1.521395569537006E+08,  3.157934968471496E+07,
2461557.500000000, A.D. 2027-Jun-01 00:00:00.0000,  1.637562651206820E-02,  1.472368636328350E+08,  3.378807792001726E-03,  1.637671231396473E+02,  3.011756018655739E+02,  2.461411367345538E+06,  1.139720047755326E-05,  1.438994729566726E+02,  1.449870534745364E+02,  1.496881000525975E+08,  1.521393364723599E+08,  3.158670418310343E+07,
2461558.500000000, A.D. 2027-Jun-02 00:00:00.0000,  1.622388837451755E-02,  1.472791537252780E+08,  3.441225188295591E-03,  1.718424351996708E+02,  2.931687721107883E+02,  2.461411399314561E+06,  1.139492813816754E-05,  1.448238303053930E+02,  1.458773209327130E+02,  1.497079995995535E+08,  1.521368454738290E+08,  3.159300310057883E+07,
2461559.500000000, A.D. 2027-Jun-03 00:00:00.0000,  1.608933359995961E-02,  1.473142498465739E+08,  3.572480806244266E-03,  1.800698735557094E+02,  2.848923913416074E+02,  2.461411316923849E+06,  1.139319332772507E-05,  1.458672567391381E+02,  1.468847760242575E+02,  1.497231962994886E+08,  1.521321427524033E+08,  3.159781368090616E+07,
2461560.500000000, A.D. 2027-Jun-04 00:00:00.0000,  1.598253993560880E-02,  1.473392770507155E+08,  3.765508386196948E-03,  1.876893486870695E+02,  2.770993112827327E+02,  2.461411115239882E+06,  1.139214506488409E-05,  1.470366309089775E+02,  1.480166492072289E+02,  1.497323808066109E+08,  1.521254845625064E+08,  3.160072119426288E+07,
2461561.500000000, A.D. 2027-Jun-05 00:00:00.0000,  1.591371043836292E-02,  1.473516855596521E+08,  3.993795842415105E-03,  1.941231683227012E+02,  2.703717932705538E+02,  2.461410801198753E+06,  1.139190124055901E-05,  1.483268423797340E+02,  1.492683605402519E+02,  1.497345173107636E+08,  1.521173490618752E+08,  3.160139755410438E+07,
2461562.500000000, A.D. 2027-Jun-06 00:00:00.0000,  1.589086718230856E-02,  1.473497538948933E+08,  4.218976306771931E-03,  1.990758421339725E+02,  2.650243750167240E+02,  2.461410395923465E+06,  1.139252191705505E-05,  1.497181558118776E+02,  1.506208493572797E+02,  1.497290787994244E+08,  1.521084037039554E+08,  3.159967587695100E+07,
2461563.500000000, A.D. 2027-Jun-07 00:00:00.0000,  1.591807590308333E-02,  1.473330204092408E+08,  4.402251204196783E-03,  2.024766300140742E+02,  2.611603652557382E+02,  2.461409933367275E+06,  1.139399029753009E-05,  1.511772528928376E+02,  1.520415331225896E+02,  1.497162144751790E+08,  1.520994085411172E+08,  3.159560352425773E+07,
2461564.500000000, A.D. 2027-Jun-08 00:00:00.0000,  1.599440542285592E-02,  1.473024615754363E+08,  4.514372314756952E-03,  2.043663073122800E+02,  2.587800028883560E+02,  2.461409454933260E+06,  1.139621007988252E-05,  1.526624195689597E+02,  1.534893851531980E+02,  1.496967724444051E+08,  1.520910833133740E+08,  3.158944925344085E+07,
2461565.500000000, A.D. 2027-Jun-09 00:00:00.0000,  1.611406627997084E-02,  1.472603351224960E+08,  4.541385438293842E-03,  2.048081066863529E+02,  2.578620375217552E+02,  2.461409001907193E+06,  1.139902096628756E-05,  1.541311235503586E+02,  1.549224141542851E+02,  1.496721622655089E+08,  1.520839894085219E+08,  3.158165960609202E+07,
2461566.500000000, A.D. 2027-Jun-10 00:00:00.0000,  1.626761392439568E-02,  1.472097628659976E+08,  4.485835012876379E-03,  2.038425932032972E+02,  2.584019254541245E+02,  2.461408608678452E+06,  1.140222576905847E-05,  1.555469995911619E+02,  1.563045944679156E+02,  1.496441155640512E+08,  1.520784682621049E+08,  3.157278300670999E+07,
2461567.500000000, A.D. 2027-Jun-11 00:00:00.0000,  1.644365465519492E-02,  1.471542279781029E+08,  4.364623623189286E-03,  2.014801030735336E+02,  2.604152630110862E+02,  2.461408298919660E+06,  1.140561877823495E-05,  1.568839822363006E+02,  1.576099945678300E+02,  1.496144360967089E+08,  1.520746442153148E+08,  3.156339055334540E+07,
2461568.500000000, A.D. 2027-Jun-12 00:00:00.0000,  1.663044000588400E-02,  1.470971480396404E+08,  4.205070051400191E-03,  1.977252936715798E+02,  2.639123556820783E+02,  2.461408085046826E+06,  1.140900745204226E-05,  1.581271542300793E+02,  1.588236577873585E+02,  1.495848092354217E+08,  1.520724704312030E+08,  3.155401567693416E+07,
2461569.500000000, A.D. 2027-Jun-13 00:00:00.0000,  1.681699604862553E-02,  1.470415996791183E+08,  4.040097737403226E-03,  1.926334320046714E+02,  2.688433230302965E+02,  2.461407969892897E+06,  1.141222477920208E-05,  1.592713057710801E+02,  1.599402083793548E+02,  1.495566940113527E+08,  1.520717883435871E+08,  3.154511998888007E+07,
2461570.500000000, A.D. 2027-Jun-14 00:00:00.0000,  1.699374225343601E-02,  1.469901876688945E+08,  3.902599193720988E-03,  1.863899672196524E+02,  2.750208536340699E+02,  2.461407949220029E+06,  1.141513386718378E-05,  1.603185621334429E+02,  1.609615233010468E+02,  1.495312837640054E+08,  1.520723798591163E+08,  3.153708087777470E+07,
2461571.500000000, A.D. 2027-Jun-15 00:00:00.0000,  1.715273313968868E-02,  1.469450109433493E+08,  3.818887091536011E-03,  1.793747894082193E+02,  2.820582369245552E+02,  2.461408014110935E+06,  1.141762788791352E-05,  1.612760583972878E+02,  1.618944407673254E+02,  1.495095076295655E+08,  1.520740043157817E+08,  3.153019204462680E+07,
2461572.500000000, A.D. 2027-Jun-16 00:00:00.0000,  1.728768952698151E-02,  1.469076766965278E+08,  3.802439104839147E-03,  1.721441305251033E+02,  2.893892820898201E+02,  2.461408152834042E+06,  1.141962810104572E-05,  1.621540956698229E+02,  1.627489396714465E+02,  1.494920488233381E+08,  1.520764209501483E+08,  3.152466935127547E+07,
2461573.500000000, A.D. 2027-Jun-17 00:00:00.0000,  1.739393964154059E-02,  1.468793309398465E+08,  3.850796626753664E-03,  1.653001796509087E+02,  2.963999972203157E+02,  2.461408352153368E+06,  1.142108150651189E-05,  1.629648302696128E+02,  1.635368444906020E+02,  1.494793660098780E+08,  1.520794010799096E+08,  3.152065763603395E+07,
2461574.500000000, A.D. 2027-Jun-18 00:00:00.0000,  1.746832733088749E-02,  1.468606926329333E+08,  3.947736025095088E-03,  1.593232341914806E+02,  3.025973202952512E+02,  2.461408598210691E+06,  1.142195861186421E-05,  1.637213792655291E+02,  1.642709424824534E+02,  1.494717134501899E+08,  1.520827342674464E+08,  3.151823712844320E+07,
2461575.500000000, A.D. 2027-Jun-19 00:00:00.0000,  1.750909932764710E-02,  1.468520906646934E+08,  4.069406558115561E-03,  1.544827061884094E+02,  3.076987191254952E+02,  2.461408877120746E+06,  1.142225118236223E-05,  1.644372039949610E+02,  1.649643768769735E+02,  1.494691610519724E+08,  1.520862314392515E+08,  3.151742981767877E+07,
2461576.500000000, A.D. 2027-Jun-20 00:00:00.0000,  1.751576507459508E-02,  1.468535070780901E+08,  4.190876541927331E-03,  1.508587732281135E+02,  3.116109649880108E+02,  2.461409175373171E+06,  1.142196968985231E-05,  1.651256769026560E+02,  1.656302218432089E+02,  1.494716168033373E+08,  1.520897265285845E+08,  3.151820655940254E+07,
2461577.500000000, A.D. 2027-Jun-21 00:00:00.0000,  1.748892618796738E-02,  1.468646279698093E+08,  4.290589592476099E-03,  1.484191817935796E+02,  3.143536135912058E+02,  2.461409480082285E+06,  1.142114034917065E-05,  1.657997909289195E+02,  1.662811977562772E+02,  1.494788525894074E+08,  1.520930772090056E+08,  3.152049523900138E+07,
2461578.500000000, A.D. 2027-Jun-22 00:00:00.0000,  1.743008748549761E-02,  1.468848987151224E+08,  4.352418589521162E-03,  1.470926550467097E+02,  3.159857470721580E+02,  2.461409779093209E+06,  1.141980193466761E-05,  1.664720067855183E+02,  1.669295210840339E+02,  1.494905317619874E+08,  1.520961648088525E+08,  3.152418947890257E+07,
2461579.500000000, A.D. 2027-Jun-23 00:00:00.0000,  1.734147685594063E-02,  1.469135756390174E+08,  4.366145966486020E-03,  1.468172802284679E+02,  3.165575967509154E+02,  2.461410060945925E+06,  1.141800283278414E-05,  1.671542437887376E+02,  1.675868939806902E+02,  1.495062345452018E+08,  1.520988934513863E+08,  3.152915665481740E+07,
2461580.500000000, A.D. 2027-Jun-24 00:00:00.0000,  1.722591007106453E-02,  1.469497638646468E+08,  4.327277306497410E-03,  1.475667921757290E+02,  3.160841360485636E+02,  2.461410314712561E+06,  1.141579891043814E-05,  1.678580080345084E+02,  1.682646276671950E+02,  1.495254762722456E+08,  1.521011886798443E+08,  3.153524364123397E+07,
2461581.500000000, A.D. 2027-Jun-25 00:00:00.0000,  1.708673685716372E-02,  1.469924312646573E+08,  4.236814089323110E-03,  1.493630490755864E+02,  3.145323794181328E+02,  2.461410529750141E+06,  1.141325274791600E-05,  1.685946246348104E+02,  1.689738675982784E+02,  1.495477136961743E+08,  1.521029961276913E+08,  3.154227878338487E+07,
2461582.500000000, A.D. 2027-Jun-26 00:00:00.0000,  1.692789723983058E-02,  1.470403907881616E+08,  4.101334728193418E-03,  1.522790903443125E+02,  3.118180666303635E+02,  2.461410695447763E+06,  1.141043463215882E-05,  1.693755025464937E+02,  1.697258511433575E+02,  1.495723359205461E+08,  1.521042810529305E+08,  3.155006900310239E+07,
2461583.500000000, A.D. 2027-Jun-27 00:00:00.0000,  1.675410302067969E-02,  1.470922476702676E+08,  3.933475600889001E-03,  1.564297276420782E+02,  3.078149005037930E+02,  2.461410801095250E+06,  1.140742545376739E-05,  1.702123097949450E+02,  1.705320786290418E+02,  1.495986386743715E+08,  1.521050296784753E+08,  3.155839163350458E+07,
2461584.500000000, A.D. 2027-Jun-28 00:00:00.0000,  1.657113503528544E-02,  1.471463150026107E+08,  3.752515622901068E-03,  1.619366451833808E+02,  3.023895465247237E+02,  2.461410836062425E+06,  1.140432125858417E-05,  1.711168705556765E+02,  1.714042130861980E+02,  1.496257840752827E+08,  1.521052531479546E+08,  3.156698165873079E+07,
2461585.500000000, A.D. 2027-Jun-29 00:00:00.0000,  1.638620431173848E-02,  1.472005130877784E+08,  3.584051018393781E-03,  1.688461288467255E+02,  2.954845325976297E+02,  2.461410790543918E+06,  1.140123855979850E-05,  1.721005217954416E+02,  1.723534509196839E+02,  1.496527536854830E+08,  1.521049942831876E+08,  3.157551682756496E+07,
2461586.500000000, A.D. 2027-Jun-30 00:00:00.0000,  1.620825519465407E-02,  1.472522873081518E+08,  3.456784683465256E-03,  1.769893038301980E+02,  2.872594648598294E+02,  2.461410657147224E+06,  1.139831850542467E-05,  1.731726296216886E+02,  1.733890678187919E+02,  1.496783115793346E+08,  1.521043358505174E+08,  3.158360593526751E+07,
2461587.500000000, A.D. 2027-Jul-01 00:00:00.0000,  1.604799504830969E-02,  1.472986044808021E+08,  3.394488408769130E-03,  1.858428480139680E+02,  2.782327863039413E+02,  2.461410433474113E+06,  1.139572671469770E-05,  1.743380702784997E+02,  1.745159460714485E+02,  1.497010054753983E+08,  1.521034064699945E+08,  3.159078916272079E+07,
2461588.500000000, A.D. 2027-Jul-02 00:00:00.0000,  1.591736215160387E-02,  1.473361065057848E+08,  3.404694508192215E-03,  1.945439367654744E+02,  2.692701206966515E+02,  2.461410125417347E+06,  1.139364470791650E-05,  1.755938839394944E+02,  1.757312852283365E+02,  1.497192419001734E+08,  1.521023772945620E+08,  3.159656187539935E+07,
2461589.500000000, A.D. 2027-Jul-03 00:00:00.0000,  1.582819372581333E-02,  1.473614845291768E+08,  3.471662353966401E-03,  2.021483161035512E+02,  2.613293499480628E+02,  2.461409750123707E+06,  1.139224979507292E-05,  1.769260744538989E+02,  1.770214513250636E+02,  1.497314631345195E+08,  1.521014417398622E+08,  3.160043068540314E+07,
2461590.500000000, A.D. 2027-Jul-04 00:00:00.0000,  1.579014631220872E-02,  1.473720560816195E+08,  3.561094062158478E-03,  2.079465205092739E+02,  2.551456624389697E+02,  2.461409336818654E+06,  1.139168456386263E-05,  1.783083297440273E+02,  1.783607111860536E+02,  1.497364159985016E+08,  1.521007759153837E+08,  3.160199863170483E+07,
2461591.500000000, A.D. 2027-Jul-05 00:00:00.0000,  1.580842229836003E-02,  1.473663911446679E+08,  3.634647112077494E-03,  2.115764958816854E+02,  2.511165748143241E+02,  2.461408923812791E+06,  1.139202411628602E-05,  1.797044251173907E+02,  1.797135890010910E+02,  1.497334406059532E+08,  1.521004900672386E+08,  3.160105669767188E+07,
2461592.500000000, A.D. 2027-Jul-06 00:00:00.0000,  1.588224563051685E-02,  1.473447292059048E+08,  3.665191406288912E-03,  2.129302113802783E+02,  2.493891291640907E+02,  2.461774265160070E+06,  1.139325439547412E-05,  1.810745243497528E+02,  1.810410594021608E+02,  1.497226612889505E+08,  1.521005933719963E+08,  3.159764431688694E+07,
2461593.500000000, A.D. 2027-Jul-07 00:00:00.0000,  1.600486476436283E-02,  1.473089762151151E+08,  3.645885030488439E-03,  2.120229325968308E+02,  2.499827590705411E+02,  2.461773903783389E+06,  1.139527241478436E-05,  1.823831778494488E+02,  1.823084106536572E+02,  1.497049842424668E+08,  1.521009922698185E+08,  3.159204860543146E+07,
2461594.500000000, A.D. 2027-Jul-08 00:00:00.0000,  1.616510439748554E-02,  1.472622763438563E+08,  3.591335191506610E-03,  2.089380565932729E+02,  2.528383013811402E+02,  2.461773620754445E+06,  1.139790863252097E-05,  1.836055877743144E+02,  1.834913999293451E+02,  1.496818998818605E+08,  1.521015234198648E+08,  3.158474169312373E+07,
2461595.500000000, A.D. 2027-Jul-09 00:00:00.0000,  1.634970711024673E-02,  1.472083654554416E+08,  3.532125990978000E-03,  2.038678258706072E+02,  2.577750330096647E+02,  2.461773431409909E+06,  1.140096085032604E-05,  1.847299070807694E+02,  1.845785038325089E+02,  1.496551838793999E+08,  1.521020023033582E+08,  3.157628595748620E+07,
2461596.500000000, A.D. 2027-Jul-10 00:00:00.0000,  1.654550075392056E-02,  1.471509699994883E+08,  3.504749608933623E-03,  1.972101767179626E+02,  2.643952638485706E+02,  2.461773339309718E+06,  1.140422599694172E-05,  1.857557848462202E+02,  1.855694775092180E+02,  1.496266173089806E+08,  1.521022646184729E+08,  3.156724534365956E+07,
2461597.500000000, A.D. 2027-Jul-11 00:00:00.0000,  1.674080607941627E-02,  1.470934132833343E+08,  3.539414697229139E-03,  1.896209673739448E+02,  2.720354553861594E+02,  2.461773339389375E+06,  1.140752126093514E-05,  1.866909681094280E+02,  1.864720075283673E+02,  1.495978010608003E+08,  1.521021888382662E+08,  3.155812658730813E+07,
2461598.500000000, A.D. 2027-Jul-12 00:00:00.0000,  1.692602064251449E-02,  1.470384489338745E+08,  3.649900666047425E-03,  1.819081471711592E+02,  2.798755052769912E+02,  2.461773421419067E+06,  1.141069334263822E-05,  1.875477883364585E+02,  1.872982574369412E+02,  1.495700751127352E+08,  1.521017012915958E+08,  3.154935367991985E+07,
2461599.500000000, A.D. 2027-Jul-13 00:00:00.0000,  1.709362650143116E-02,  1.469882550123138E+08,  3.830383051421438E-03,  1.747917500799871E+02,  2.871813442364197E+02,  2.461773572701189E+06,  1.141361915874949E-05,  1.883405217044284E+02,  1.880622764889777E+02,  1.495445130639677E+08,  1.521007711156215E+08,  3.154126618321849E+07,
2461600.500000000, A.D. 2027-Jul-14 00:00:00.0000,  1.723792412697866E-02,  1.469445057343539E+08,  4.060183556047601E-03,  1.687152120017429E+02,  2.934951660201643E+02,  2.461773779747230E+06,  1.141620231338882E-05,  1.890838093371096E+02,  1.887784516074973E+02,  1.495219538297894E+08,  1.520994019252249E+08,  3.153412931179357E+07,
2461601.500000000, A.D. 2027-Jul-15 00:00:00.0000,  1.735471229418799E-02,  1.469084595545145E+08,  4.311948875173887E-03,  1.638302655539243E+02,  2.986512653909032E+02,  2.461774029119345E+06,  1.141836859051807E-05,  1.897919069230575E+02,  1.894607739974070E+02,  1.495030418326256E+08,  1.520976241107367E+08,  3.152814670030424E+07,
2461602.500000000, A.D. 2027-Jul-16 00:00:00.0000,  1.744102619505333E-02,  1.468810317698434E+08,  4.558317451823535E-03,  1.600973993322093E+02,  3.026758179984007E+02,  2.461774307743515E+06,  1.142006220452238E-05,  1.904784377910969E+02,  1.901225994930499E+02,  1.494882604359599E+08,  1.520954891020764E+08,  3.152347102430307E+07,
2461603.500000000, A.D. 2027-Jul-17 00:00:00.0000,  1.749496516571492E-02,  1.468628423267367E+08,  4.775495886363545E-03,  1.573947554682539E+02,  3.056779896670418E+02,  2.461774602958653E+06,  1.142124334565905E-05,  1.911563831861528E+02,  1.907766412933749E+02,  1.494779539236737E+08,  1.520930655206107E+08,  3.152021098795936E+07,
2461604.500000000, A.D. 2027-Jul-18 00:00:00.0000,  1.751559581711322E-02,  1.468542424966286E+08,  4.944561162494632E-03,  1.555879581909478E+02,  3.077800458399111E+02,  2.461774902475420E+06,  1.142188684289054E-05,  1.918381427716754E+02,  1.914350315911841E+02,  1.494723395825957E+08,  1.520904366685627E+08,  3.151843517203806E+07,
2461605.500000000, A.D. 2027-Jul-19 00:00:00.0000,  1.750289889289530E-02,  1.468553292653072E+08,  5.051653711717377E-03,  1.545633993633902E+02,  3.090840131534221E+02,  2.461775194333913E+06,  1.142198146627849E-05,  1.925355856125087E+02,  1.921093741241870E+02,  1.494715140633256E+08,  1.520876988613440E+08,  3.151817406312910E+07,
2461606.500000000, A.D. 2027-Jul-20 00:00:00.0000,  1.745772988196803E-02,  1.468659560193703E+08,  5.087772793258503E-03,  1.542406493341527E+02,  3.096592442031541E+02,  2.461775466888108E+06,  1.142152939066574E-05,  1.932600719312640E+02,  1.928107682369372E+02,  1.494754581924780E+08,  1.520849603655857E+08,  3.151942158413658E+07,
2461607.500000000, A.D. 2027-Jul-21 00:00:00.0000,  1.738177666892169E-02,  1.468857444645286E+08,  5.048483854023070E-03,  1.545761649930497E+02,  3.095387031156117E+02,  2.461775708810437E+06,  1.142054553731944E-05,  1.940224568217917E+02,  1.935498149481427E+02,  1.494840427104899E+08,  1.520823409564512E+08,  3.152213690875023E+07,
2461608.500000000, A.D. 2027-Jul-22 00:00:00.0000,  1.727751548780082E-02,  1.469140975548748E+08,  4.933664510348759E-03,  1.555649717995399E+02,  3.087172813907968E+02,  2.461775909101809E+06,  1.141905679982728E-05,  1.948330907394101E+02,  1.943366187938304E+02,  1.494970348905770E+08,  1.520799722262792E+08,  3.152624654651384E+07,
2461609.500000000, A.D. 2027-Jul-23 00:00:00.0000,  1.714818278708902E-02,  1.469502083353705E+08,  4.747375181811242E-03,  1.572433288153076E+02,  3.071491411280934E+02,  2.461776057108574E+06,  1.141710144592430E-05,  1.957018113966637E+02,  1.951807793016281E+02,  1.495141035116358E+08,  1.520779986879011E+08,  3.153164590023973E+07,
2461610.500000000, A.D. 2027-Jul-24 00:00:00.0000,  1.699779003587002E-02,  1.469930564925653E+08,  4.497949731558239E-03,  1.596930551954451E+02,  3.047434519594449E+02,  2.461776142585231E+06,  1.141472918468928E-05,  1.966378822390777E+02,  1.960913273059868E+02,  1.495348179308052E+08,  1.520765793690450E+08,  3.153819895112996E+07,
2461611.500000000, A.D. 2027-Jul-25 00:00:00.0000,  1.683120717725954E-02,  1.470413841404694E+08,  4.198390577430568E-03,  1.630455818239032E+02,  3.013605548277156E+02,  2.461776155895287E+06,  1.141200244029354E-05,  1.976497794300840E+02,  1.970765092542196E+02,  1.495586365371750E+08,  1.520758889338807E+08,  3.154573457931543E+07,
2461612.500000000, A.D. 2027-Jul-26 00:00:00.0000,  1.665432511621469E-02,  1.470936458420568E+08,  3.867046358539482E-03,  1.674784460663469E+02,  2.968159887982712E+02,  2.461776088505042E+06,  1.140899923207355E-05,  1.987446705066596E+02,  1.981432653017211E+02,  1.495848810841018E+08,  1.520761163261467E+08,  3.155403841100717E+07,
2461613.500000000, A.D. 2027-Jul-27 00:00:00.0000,  1.647427403631328E-02,  1.471479363582396E+08,  3.528218839460162E-03,  1.731855001937094E+02,  2.909113084199415E+02,  2.461775933977860E+06,  1.140581765541494E-05,  1.999273824710246E+02,  1.992962030795388E+02,  1.496126969267223E+08,  1.520774574952050E+08,  3.156284019928103E+07,
2461614.500000000, A.D. 2027-Jul-28 00:00:00.0000,  1.629961752889930E-02,  1.472019149011129E+08,  3.211599107051512E-03,  1.802846727672411E+02,  2.835280359878357E+02,  2.461775689674876E+06,  1.140258117340228E-05,  2.011986703797696E+02,  2.005358834525512E+02,  1.496410060666387E+08,  1.520800972321646E+08,  3.157179892213684E+07,
2461615.500000000, A.D. 2027-Jul-29 00:00:00.0000,  1.614036395882649E-02,  1.472527673928207E+08,  2.948357147185177E-03,  1.886275353699319E+02,  2.748205209282418E+02,  2.461775359223653E+06,  1.139944267045838E-05,  2.025527568160449E+02,  2.018563936615936E+02,  1.496684709877236E+08,  1.520841745826265E+08,  3.158049129304706E+07,
2461616.500000000, A.D. 2027-Jul-30 00:00:00.0000,  1.600756204193285E-02,  1.472972730623086E+08,  2.761878965727643E-03,  1.975655314689147E+02,  2.654524621261105E+02,  2.461774955412705E+06,  1.139658365819761E-05,  2.039745282920923E+02,  2.032425953201809E+02,  1.496935010679276E+08,  1.520897290735466E+08,  3.158841375599876E+07,
2461617.500000000, A.D. 2027-Jul-31 00:00:00.0000,  1.591224931102998E-02,  1.473320503152060E+08,  2.656035228477444E-03,  2.059176390188624E+02,  2.566312578671573E+02,  2.461774502479705E+06,  1.139420402584933E-05,  2.054374600617622E+02,  2.046681111764252E+02,  1.497143422545981E+08,  1.520966341939901E+08,  3.159501086546195E+07,
2461618.500000000, A.D. 2027-Aug-01 00:00:00.0000,  1.586370682406221E-02,  1.473540177866873E+08,  2.611687014281139E-03,  2.123415387633666E+02,  2.497364304510882E+02,  2.461774036091146E+06,  1.139249904801529E-05,  2.069039718447650E+02,  2.060957319380390E+02,  1.497292791744896E+08,  1.521045405622919E+08,  3.159973930941133E+07,
2461619.500000000, A.D. 2027-Aug-02 00:00:00.0000,  1.586738015673288E-02,  1.473609997390726E+08,  2.599225799527451E-03,  2.158290077054583E+02,  2.458199366182888E+02,  2.461773599437850E+06,  1.139162561414013E-05,  2.083297158721030E+02,  2.074817128890473E+02,  1.497369325716907E+08,  1.521128654043087E+08,  3.160216216666577E+07,
2461620.500000000, A.D. 2027-Aug-03 00:00:00.0000,  1.592326113964221E-02,  1.473522702824354E+08,  2.599224596904133E-03,  2.159039326875177E+02,  2.454001961433178E+02,  2.461773235504062E+06,  1.139166759395954E-05,  2.096715952452615E+02,  2.087837331863376E+02,  1.497365647043761E+08,  1.521208591263169E+08,  3.160204570846949E+07,
2461621.500000000, A.D. 2027-Aug-04 00:00:00.0000,  1.602557162222804E-02,  1.473287811144364E+08,  2.616094046186803E-03,  2.125974005854363E+02,  2.484781289625585E+02,  2.461772978121654E+06,  1.139261512840315E-05,  2.108967603510876E+02,  2.099697707895029E+02,  1.497282621026338E+08,  1.521277430908313E+08,  3.159941733680416E+07,
2461622.500000000, A.D. 2027-Aug-05 00:00:00.0000,  1.616401668715199E-02,  1.472929421723637E+08,  2.676306036135542E-03,  2.064800725802750E+02,  2.544989167571415E+02,  2.461772845739378E+06,  1.139436821225942E-05,  2.119886167438424E+02,  2.110239690943561E+02,  1.497129040517380E+08,  1.521328659311123E+08,  3.159455559920111E+07,
2461623.500000000, A.D. 2027-Aug-06 00:00:00.0000,  1.632604124242644E-02,  1.472480578464298E+08,  2.811701790321605E-03,  1.986889441014505E+02,  2.623246787759733E+02,  2.461772840354961E+06,  1.139676255635352E-05,  2.129474967345019E+02,  2.119472032242477E+02,  1.496919345434447E+08,  1.521358112404596E+08,  3.158791790387049E+07,
2461624.500000000, A.D. 2027-Aug-07 00:00:00.0000,  1.649910512323326E-02,  1.471976777444715E+08,  3.038339018056122E-03,  1.906245160241568E+02,  2.705412164587065E+02,  2.461772950987156E+06,  1.139960500008882E-05,  2.137867820249010E+02,  2.127531653931663E+02,  1.496670501381857E+08,  1.521364225318998E+08,  3.158004158891429E+07,
2461625.500000000, A.D. 2027-Aug-08 00:00:00.0000,  1.667223770447750E-02,  1.471450950049706E+08,  3.347113011589832E-03,  1.833856466759746E+02,  2.780288176002116E+02,  2.461773159066268E+06,  1.140270446023181E-05,  2.145272232793797E+02,  2.134627089948228E+02,  1.496399274454213E+08,  1.521347598858721E+08,  3.157145756566259E+07,
2461626.500000000, A.D. 2027-Aug-09 00:00:00.0000,  1.683668736020588E-02,  1.470930848350081E+08,  3.710843855966072E-03,  1.774704351666066E+02,  2.842662961070886E+02,  2.461773443276536E+06,  1.140589091923027E-05,  2.151919598266453E+02,  2.140989251075412E+02,  1.496120562514309E+08,  1.521310276678538E+08,  3.156263746070393E+07,
2461627.500000000, A.D. 2027-Aug-10 00:00:00.0000,  1.698588991680339E-02,  1.470438495649482E+08,  4.096830159309614E-03,  1.729053670740201E+02,  2.892049450090774E+02,  2.461773782698567E+06,  1.140902241521898E-05,  2.158033604909575E+02,  2.146840430655510E+02,  1.495846784462771E+08,  1.521255073276059E+08,  3.155397429316826E+07,
2461628.500000000, A.D. 2027-Aug-11 00:00:00.0000,  1.711509647241613E-02,  1.469990846557345E+08,  4.475029483112593E-03,  1.695038977384963E+02,  2.930113065361827E+02,  2.461774158259968E+06,  1.141198397006994E-05,  2.163816235127333E+02,  2.152380763119890E+02,  1.495587979102673E+08,  1.521185111648000E+08,  3.154578563588656E+07,
2461629.500000000, A.D. 2027-Aug-12 00:00:00.0000,  1.722092874184286E-02,  1.469600872978618E+08,  4.820834990437992E-03,  1.670381057353462E+02,  2.958957019971696E+02,  2.461774553018854E+06,  1.141468283636493E-05,  2.169445647154927E+02,  2.157786383810410E+02,  1.495352227125909E+08,  1.521103581273200E+08,  3.153832700923681E+07,
2461630.500000000, A.D. 2027-Aug-13 00:00:00.0000,  1.730101013679212E-02,  1.469278582177736E+08,  5.115032844092602E-03,  1.653094255947686E+02,  2.980410976845366E+02,  2.461774951839770E+06,  1.141704319872382E-05,  2.175080058898128E+02,  2.163213437639177E+02,  1.495146120362106E+08,  1.521013658546476E+08,  3.153180676764369E+07,
2461631.500000000, A.D. 2027-Aug-14 00:00:00.0000,  1.735372650304230E-02,  1.469031741415722E+08,  5.342965138969119E-03,  1.641653526341302E+02,  2.995858265642046E+02,  2.461775340866866E+06,  1.141900200969564E-05,  2.180863456283506E+02,  2.168803810189806E+02,  1.494975130967380E+08,  1.520918520519038E+08,  3.152639781430385E+07,
2461632.500000000, A.D. 2027-Aug-15 00:00:00.0000,  1.737811541511152E-02,  1.468866259174352E+08,  5.493787026413070E-03,  1.634961501499477E+02,  3.006263708809534E+02,  2.461775707031951E+06,  1.142050656626806E-05,  2.186930722697956E+02,  2.174690227029042E+02,  1.494843827740392E+08,  1.520821396306431E+08,  3.152224447410297E+07,
2461633.500000000, A.D. 2027-Aug-16 00:00:00.0000,  1.737385664999595E-02,  1.468786268217728E+08,  5.560054514316360E-03,  1.632269863561433E+02,  3.012248872749724E+02,  2.461776037713297E+06,  1.142151378242686E-05,  2.193411061207052E+02,  2.180999630907526E+02,  1.494755943710484E+08,  1.520725619203239E+08,  3.151946465746913E+07,
2461634.500000000, A.D. 2027-Aug-17 00:00:00.0000,  1.734132676533200E-02,  1.468793999856303E+08,  5.537610538610677E-03,  1.633109548280018E+02,  3.014160516480142E+02,  2.461776320584791E+06,  1.142199076419958E-05,  2.200429374058612E+02,  2.187854526444795E+02,  1.494714329464369E+08,  1.520634659072434E+08,  3.151814840617478E+07,
2461635.500000000, A.D. 2027-Aug-18 00:00:00.0000,  1.728168069857273E-02,  1.468889550903614E+08,  5.425653107934469E-03,  1.637244635066961E+02,  3.012117252752709E+02,  2.461776543650469E+06,  1.142191614776263E-05,  2.208105721010481E+02,  2.195372426500558E+02,  1.494720839179823E+08,  1.520552127456031E+08,  3.151835430612212E+07,
2461636.500000000, A.D. 2027-Aug-19 00:00:00.0000,  1.719693026892637E-02,  1.469070632677102E+08,  5.226868882729536E-03,  1.644652164195038E+02,  3.006031845324492E+02,  2.461776695437893E+06,  1.142128167835001E-05,  2.216553189525716E+02,  2.203663734849355E+02,  1.494776194664397E+08,  1.520481756651692E+08,  3.152010519821168E+07,
2461637.500000000, A.D. 2027-Aug-20 00:00:00.0000,  1.709000177001449E-02,  1.469332358879100E+08,  4.947556442028152E-03,  1.655527644304801E+02,  2.995609067582719E+02,  2.461776765323336E+06,  1.142009367208090E-05,  2.225874495365251E+02,  2.212828376794881E+02,  1.494879858303465E+08,  1.520427357727830E+08,  3.152338416278534E+07,
2461638.500000000, A.D. 2027-Aug-21 00:00:00.0000,  1.696476922051645E-02,  1.469667084260564E+08,  4.597722080096192E-03,  1.670316295989518E+02,  2.980319018141570E+02,  2.461776743983704E+06,  1.141837427816742E-05,  2.236157382840125E+02,  2.222951236378622E+02,  1.495029921862732E+08,  1.520392759464900E+08,  3.152813099570053E+07,
2461639.500000000, A.D. 2027-Aug-22 00:00:00.0000,  1.682607078458050E-02,  1.470064263605800E+08,  4.191182639484837E-03,  1.689768600849759E+02,  2.959347713858462E+02,  2.461776624012285E+06,  1.141616276501479E-05,  2.247468442645244E+02,  2.234096010365608E+02,  1.495222991499502E+08,  1.520381719393204E+08,  3.153423855371369E+07,
2461640.500000000, A.D. 2027-Aug-23 00:00:00.0000,  1.667971675103885E-02,  1.470510280664181E+08,  3.745723674313707E-03,  1.715008086378045E+02,  2.931537935842688E+02,  2.461776400786434E+06,  1.141351727274264E-05,  2.259844439033182E+02,  2.246296572995919E+02,  1.495454030303849E+08,  1.520397779943517E+08,  3.154154774529839E+07,
2461641.500000000, A.D. 2027-Aug-24 00:00:00.0000,  1.653248264205634E-02,  1.470988219090340E+08,  3.283295694357088E-03,  1.747560578864490E+02,  2.895372319069269E+02,  2.461776073709625E+06,  1.141051747269816E-05,  2.273279905399929E+02,  2.259544628486122E+02,  1.495716119879695E+08,  1.520444020669051E+08,  3.154983994909686E+07,
2461642.500000000, A.D. 2027-Aug-25 00:00:00.0000,  1.639204837725397E-02,  1.471477627163765E+08,  2.830021571998497E-03,  1.789183254467802E+02,  2.849161241473689E+02,  2.461775647922693E+06,  1.140726821714308E-05,  2.287710086356168E+02,  2.273772764959801E+02,  1.496000133728217E+08,  1.520522640292668E+08,  3.155882663116350E+07,
2461643.500000000, A.D. 2027-Aug-26 00:00:00.0000,  1.626679915280692E-02,  1.471954467544652E+08,  2.415343998717980E-03,  1.841085838352207E+02,  2.791842410222224E+02,  2.461775136423503E+06,  1.140390343438228E-05,  2.302989930365961E+02,  2.288833661982983E+02,  1.496294387824871E+08,  1.520634308105091E+08,  3.156813823191588E+07,
2461644.500000000, A.D. 2027-Aug-27 00:00:00.0000,  1.616536527079298E-02,  1.472391614619340E+08,  2.069020097692220E-03,  1.901858102778864E+02,  2.725073694031445E+02,  2.461774562186171E+06,  1.140058821737648E-05,  2.318873390905693E+02,  2.304479752082984E+02,  1.496584448894305E+08,  1.520777283169270E+08,  3.157731804147590E+07,
2461645.500000000, A.D. 2027-Aug-28 00:00:00.0000,  1.609578755564043E-02,  1.472760374880995E+08,  1.814893295748752E-03,  1.964037559889639E+02,  2.656675805695563E+02,  2.461773959348948E+06,  1.139751560209780E-05,  2.335002537135942E+02,  2.320352837264033E+02,  1.496853409359989E+08,  1.520946443838983E+08,  3.158583085718603E+07,
2461646.500000000, A.D. 2027-Aug-29 00:00:00.0000,  1.606430671785749E-02,  1.473033390659443E+08,  1.664191476814894E-03,  2.012420578860094E+02,  2.602307830816000E+02,  2.461773372093318E+06,  1.139489394372325E-05,  2.350920342721698E+02,  2.335997436849703E+02,  1.497082991009100E+08,  1.521132591358758E+08,  3.159309790665510E+07,
2461647.500000000, A.D. 2027-Aug-30 00:00:00.0000,  1.607400829501637E-02,  1.473188772810633E+08,  1.617169634461530E-03,  2.029865345471530E+02,  2.579615601961800E+02,  2.461772850017925E+06,  1.139292270194590E-05,  2.366118951923478E+02,  2.350909452332137E+02,  1.497255672916859E+08,  1.521322573023085E+08,  3.159856425063888E+07,
2461648.500000000, A.D. 2027-Aug-31 00:00:00.0000,  1.612381131305387E-02,  1.473214454185352E+08,  1.675506880997187E-03,  2.009357469665286E+02,  2.596084241624902E+02,  2.461772440141405E+06,  1.139175982414892E-05,  2.380121576535138E+02,  2.364618023211395E+02,  1.497357565032104E+08,  1.521500675878855E+08,  3.160178985136703E+07,
2461649.500000000, A.D. 2027-Sep-01 00:00:00.0000,  1.620834035658861E-02,  1.473111078017381E+08,  1.848192910180789E-03,  1.960635704404357E+02,  2.642321110264518E+02,  2.461772177816506E+06,  1.139149078146974E-05,  2.392574501532354E+02,  2.376776875279752E+02,  1.497381141197447E+08,  1.521651204377512E+08,  3.160253621813953E+07,
2461650.500000000, A.D. 2027-Sep-02 00:00:00.0000,  1.631889589908569E-02,  1.472891967544356E+08,  2.138600138557278E-03,  1.902898519421750E+02,  2.699285438689748E+02,  2.461772080217798E+06,  1.139211222214689E-05,  2.403312060835017E+02,  2.387228136267696E+02,  1.497326685857792E+08,  1.521761404171229E+08,  3.160081229713840E+07,
2461651.500000000, A.D. 2027-Sep-03 00:00:00.0000,  1.644518635651708E-02,  1.472580022429492E+08,  2.530661220751949E-03,  1.851198578600193E+02,  2.751884225409833E+02,  2.461772145108921E+06,  1.139353779813920E-05,  2.412367538123351E+02,  2.396011984221448E+02,  1.497201784793735E+08,  1.521823547157978E+08,  3.159685835762054E+07,
2461652.500000000, A.D. 2027-Sep-04 00:00:00.0000,  1.657712695781724E-02,  1.472202885239551E+08,  2.991673649588776E-03,  1.811162192202515E+02,  2.794294979806846E+02,  2.461772354757210E+06,  1.139562272514028E-05,  2.419931869938131E+02,  2.403324470724817E+02,  1.497019161945405E+08,  1.521835438651259E+08,  3.159107744114691E+07,
2461653.500000000, A.D. 2027-Sep-05 00:00:00.0000,  1.670610649096022E-02,  1.471788292044002E+08,  3.483871375860557E-03,  1.782342259584526E+02,  2.826680270089261E+02,  2.461772682441921E+06,  1.139819543283358E-05,  2.426286442885016E+02,  2.409450040847048E+02,  1.496793890168169E+08,  1.521799488292337E+08,  3.158394696084838E+07,
2461654.500000000, A.D. 2027-Sep-06 00:00:00.0000,  1.682551655497135E-02,  1.471360934984408E+08,  3.972991917523743E-03,  1.762336085355357E+02,  2.851133005375128E+02,  2.461773098634016E+06,  1.140108458847621E-05,  2.431739757464684E+02,  2.414698437390914E+02,  1.496541010532313E+08,  1.521721086080217E+08,  3.157594325401940E+07,
2461655.500000000, A.D. 2027-Sep-07 00:00:00.0000,  1.693068985412176E-02,  1.470941130713886E+08,  4.431585286123097E-03,  1.748748671840925E+02,  2.869755151309741E+02,  2.461773575169264E+06,  1.140413556428862E-05,  2.436584915177382E+02,  2.419362689523600E+02,  1.496274083152501E+08,  1.521607035591117E+08,  3.156749566598620E+07,
2461656.500000000, A.D. 2027-Sep-08 00:00:00.0000,  1.701852825130014E-02,  1.470544858276617E+08,  4.839087320960319E-03,  1.739718673492568E+02,  2.884150789327026E+02,  2.461774087187177E+06,  1.140721649521691E-05,  2.441080078970375E+02,  2.423700093061561E+02,  1.496004655775000E+08,  1.521464453273383E+08,  3.155896972332816E+07,
2461657.500000000, A.D. 2027-Sep-09 00:00:00.0000,  1.708706077482684E-02,  1.470184517645335E+08,  5.180588476900248E-03,  1.733911940083784E+02,  2.895434807420303E+02,  2.461774613418470E+06,  1.141021722870652E-05,  2.445445833000451E+02,  2.427929970114188E+02,  1.495742358223788E+08,  1.521300198802240E+08,  3.155067013924064E+07,
2461658.500000000, A.D. 2027-Sep-10 00:00:00.0000,  1.713507169987600E-02,  1.469869879267195E+08,  5.445395919777824E-03,  1.730391939404129E+02,  2.904355626261463E+02,  2.461775135563163E+06,  1.141304484272016E-05,  2.449871787489161E+02,  2.432240514915129E+02,  1.495495298432666E+08,  1.521120717598137E+08,  3.154285337182627E+07,
2461659.500000000, A.D. 2027-Sep-11 00:00:00.0000,  1.716185416025180E-02,  1.469608904649260E+08,  5.625890866612821E-03,  1.728494603520285E+02,  2.911410359027820E+02,  2.461775637338839E+06,  1.141561846885558E-05,  2.454526468646792E+02,  2.436798783891735E+02,  1.495270519230417E+08,  1.520932133811574E+08,  3.153574210474556E+07,
2461660.500000000, A.D. 2027-Sep-12 00:00:00.0000,  1.716709524474597E-02,  1.469408288819918E+08,  5.716849871843942E-03,  1.727733198160266E+02,  2.916930475912052E+02,  2.461776103560342E+06,  1.141786505028172E-05,  2.459566784456437E+02,  2.441760159338508E+02,  1.495074372978824E+08,  1.520740457137731E+08,  3.152953712577971E+07,
2461661.500000000, A.D. 2027-Sep-13 00:00:00.0000,  1.715087572138977E-02,  1.469273680969978E+08,  5.715230773241879E-03,  1.727730242144200E+02,  2.921142939239450E+02,  2.461776519449544E+06,  1.141971684238144E-05,  2.465145032985065E+02,  2.447275293435067E+02,  1.494912743650652E+08,  1.520551806331326E+08,  3.152442437661410E+07,
2461662.500000000, A.D. 2027-Sep-14 00:00:00.0000,  1.711375776973019E-02,  1.469209599130174E+08,  5.620341555959425E-03,  1.728168249353521E+02,  2.924216040924569E+02,  2.461776870277975E+06,  1.142111094158832E-05,  2.471412412935588E+02,  2.453493527843842E+02,  1.494791091791443E+08,  1.520372584452713E+08,  3.152057639936865E+07,
2461663.500000000, A.D. 2027-Sep-15 00:00:00.0000,  1.705692820426760E-02,  1.469219093452097E+08,  5.434265412850792E-03,  1.728751747262251E+02,  2.926297925306725E+02,  2.461777141390680E+06,  1.142199077596241E-05,  2.478518568479633E+02,  2.460562351266711E+02,  1.494714328438157E+08,  1.520209563424216E+08,  3.151814837371611E+07,
2461664.500000000, A.D. 2027-Sep-16 00:00:00.0000,  1.698235949973096E-02,  1.469303244432766E+08,  5.162388834757814E-03,  1.729174470433411E+02,  2.927553919192993E+02,  2.461777318620144E+06,  1.142230920483019E-05,  2.486607122870858E+02,  2.468622874235287E+02,  1.494686548742931E+08,  1.520069853053095E+08,  3.151726971703460E+07,
2461665.500000000, A.D. 2027-Sep-17 00:00:00.0000,  1.689294788250159E-02,  1.469460607021908E+08,  4.813873410854738E-03,  1.729086612511364E+02,  2.928207402117461E+02,  2.461777389060575E+06,  1.142203263507312E-05,  2.495807566797444E+02,  2.477801704234317E+02,  1.494710676580805E+08,  1.519960746139703E+08,  3.151803286698414E+07,
2461666.500000000, A.D. 2027-Sep-18 00:00:00.0000,  1.679258999464748E-02,  1.469686719383326E+08,  4.401935401662335E-03,  1.728057696058126E+02,  2.928587901333490E+02,  2.461777342135951E+06,  1.142114542761107E-05,  2.506224250770604E+02,  2.488199977114431E+02,  1.494788082786444E+08,  1.519889446189562E+08,  3.152048122333561E+07,
2461667.500000000, A.D. 2027-Sep-19 00:00:00.0000,  1.668616872736987E-02,  1.469973777036498E+08,  3.943851501159648E-03,  1.725532273771184E+02,  2.929188215120283E+02,  2.461777170871015E+06,  1.141965392031888E-05,  2.517923469202353E+02,  2.499880527688396E+02,  1.494918234938301E+08,  1.519862692840103E+08,  3.152459807555598E+07,
2461668.500000000, A.D. 2027-Sep-20 00:00:00.0000,  1.657943219924897E-02,  1.470310531292869E+08,  3.460676556350410E-03,  1.720782241454257E+02,  2.930725806757470E+02,  2.461776873271523E+06,  1.141758965341174E-05,  2.530919626291680E+02,  2.512854176944517E+02,  1.495098414080318E+08,  1.519886296867768E+08,  3.153029763093885E+07,
2461669.500000000, A.D. 2027-Sep-21 00:00:00.0000,  1.647876101115213E-02,  1.470682423680104E+08,  2.976701695660357E-03,  1.712882024302966E+02,  2.934181382556565E+02,  2.461776453731391E+06,  1.141501174805046E-05,  2.545161321323693E+02,  2.527065961139944E+02,  1.495323502309013E+08,  1.519964580937922E+08,  3.153741826516152E+07,
2461670.500000000, A.D. 2027-Sep-22 00:00:00.0000,  1.639082163678311E-02,  1.471071942902914E+08,  2.518653112925549E-03,  1.700797807515774E+02,  2.940722633287248E+02,  2.461775924379403E+06,  1.141200864380220E-05,  2.560518205334398E+02,  2.542382152602869E+02,  1.495585823376378E+08,  1.520099703849842E+08,  3.154571743121788E+07,
2461671.500000000, A.D. 2027-Sep-23 00:00:00.0000,  1.632209830549539E-02,  1.471459208348447E+08,  2.114497462810633E-03,  1.683829764301308E+02,  2.951272671083356E+02,  2.461775306211625E+06,  1.140869930157829E-05,  2.576770110089723E+02,  2.558579587203278E+02,  1.495875027601697E+08,  1.520290846854948E+08,  3.155486795503475E+07,
2461672.500000000, A.D. 2027-Sep-24 00:00:00.0000,  1.627829326823535E-02,  1.471822840014749E+08,  1.791511691840493E-03,  1.662821775212375E+02,  2.965305546608688E+02,  2.461774629696797E+06,  1.140523337914655E-05,  2.593601544751320E+02,  2.575340419933447E+02,  1.496178065343918E+08,  1.520533290673088E+08,  3.156445712529021E+07,
2461673.500000000, A.D. 2027-Sep-25 00:00:00.0000,  1.626360698482577E-02,  1.472141229791338E+08,  1.573306937877827E-03,  1.642151414226219E+02,  2.978850745068895E+02,  2.461773934322497E+06,  1.140178887711956E-05,  2.610606866861772E+02,  2.592257635011480E+02,  1.496479382326389E+08,  1.520817534861440E+08,  3.157399280760466E+07,
2461674.500000000, A.D. 2027-Sep-26 00:00:00.0000,  1.627997484470797E-02,  1.472394313371479E+08,  1.476543122889840E-03,  1.630276938548478E+02,  2.983923262746417E+02,  2.461773266413128E+06,  1.139856480835287E-05,  2.627312808154242E+02,  2.608857972830859E+02,  1.496761553816132E+08,  1.521128794260784E+08,  3.158292346911883E+07,
2461675.500000000, A.D. 2027-Sep-27 00:00:00.0000,  1.632643926051310E-02,  1.472565785591364E+08,  1.509567287692171E-03,  1.634855583861294E+02,  2.973360347294386E+02,  2.461772674746359E+06,  1.139576647723538E-05,  2.643223060523470E+02,  2.624646890491614E+02,  1.497006572469374E+08,  1.521447359347384E+08,  3.159067893494920E+07,
2461676.500000000, A.D. 2027-Sep-28 00:00:00.0000,  1.639891849653131E-02,  1.472645401503710E+08,  1.672929130553768E-03,  1.655479450477830E+02,  2.948021435902212E+02,  2.461772204226167E+06,  1.139358297999488E-05,  2.657882267395066E+02,  2.639172738482552E+02,  1.497197826635896E+08,  1.521750251768082E+08,  3.159673305860819E+07,
2461677.500000000, A.D. 2027-Sep-29 00:00:00.0000,  1.649059922123805E-02,  1.472630699658792E+08,  1.957971035131142E-03,  1.684353221127616E+02,  2.916041134282044E+02,  2.461771888990508E+06,  1.139216063245709E-05,  2.670945515880023E+02,  2.652096071574607E+02,  1.497322443987556E+08,  1.522014188316320E+08,  3.160067801136283E+07,
2461678.500000000, A.D. 2027-Sep-30 00:00:00.0000,  1.659297115459225E-02,  1.472527432919638E+08,  2.344396457899368E-03,  1.713589016443458E+02,  2.885482238572570E+02,  2.461771747162340E+06,  1.139158020441329E-05,  2.682231095262671E+02,  2.663241785867907E+02,  1.497373304976774E+08,  1.522219177033909E+08,  3.160228814089638E+07,
2461679.500000000, A.D. 2027-Oct-01 00:00:00.0000,  1.669722367628041E-02,  1.472348374850438E+08,  2.801713265046313E-03,  1.739153339936200E+02,  2.860373156065756E+02,  2.461771779176913E+06,  1.139184658844519E-05,  2.691737084127907E+02,  2.672614772035511E+02,  1.497349962089110E+08,  1.522351549327781E+08,  3.160154916105962E+07,
2461680.500000000, A.D. 2027-Oct-02 00:00:00.0000,  1.679554279682016E-02,  1.472110838367645E+08,  3.294561971118918E-03,  1.760105632441621E+02,  2.841494385364825E+02,  2.461771970133610E+06,  1.139289498971785E-05,  2.699617282350561E+02,  2.680374900072968E+02,  1.497258100878841E+08,  1.522405363390037E+08,  3.159864111140338E+07,
2461681.500000000, A.D. 2027-Oct-03 00:00:00.0000,  1.688192597224768E-02,  1.471833763071271E+08,  3.788563551212676E-03,  1.776856855859325E+02,  2.828172219936633E+02,  2.461772294875139E+06,  1.139461039958656E-05,  2.706129594581835E+02,  2.686784747592196E+02,  1.497107826571931E+08,  1.522381890072591E+08,  3.159388407110981E+07,
2461682.500000000, A.D. 2027-Oct-04 00:00:00.0000,  1.695240048179329E-02,  1.471535261716817E+08,  4.254376519142497E-03,  1.790137540647688E+02,  2.819368558935454E+02,  2.461772723662694E+06,  1.139685209599189E-05,  2.711578401264017E+02,  2.692151750859285E+02,  1.496911505035991E+08,  1.522287748355165E+08,  3.158766973264547E+07,
2461683.500000000, A.D. 2027-Oct-05 00:00:00.0000,  1.700478422933219E-02,  1.471231126815131E+08,  4.669409898278997E-03,  1.800602335540222E+02,  2.814122245365044E+02,  2.461773226707961E+06,  1.139947500979564E-05,  2.716268516541829E+02,  2.696782319958023E+02,  1.496681879231412E+08,  1.522132631647693E+08,  3.158040170188976E+07,
2461684.500000000, A.D. 2027-Oct-06 00:00:00.0000,  1.703823038633200E-02,  1.470934319327523E+08,  5.017685298607842E-03,  1.808729559626026E+02,  2.811676184148799E+02,  2.461773776831424E+06,  1.140234352296657E-05,  2.720478153132420E+02,  2.700955167019117E+02,  1.496430852957427E+08,  1.521927386587331E+08,  3.157245694930071E+07,
2461685.500000000, A.D. 2027-Oct-07 00:00:00.0000,  1.705276111963241E-02,  1.470655162431299E+08,  5.288694712725478E-03,  1.814820018434830E+02,  2.811487521964710E+02,  2.461774350384503E+06,  1.140533732742865E-05,  2.724449523615438E+02,  2.704912306251181E+02,  1.496168974548887E+08,  1.521682786666474E+08,  3.156416944672363E+07,
2461686.500000000, A.D. 2027-Oct-08 00:00:00.0000,  1.704890550143834E-02,  1.470401893514577E+08,  5.476003017666172E-03,  1.819016675732538E+02,  2.813204900744800E+02,  2.461774926978210E+06,  1.140835134117718E-05,  2.728391585364482E+02,  2.708862124084861E+02,  1.495905444069607E+08,  1.521408994624637E+08,  3.155583039423233E+07,
2461687.500000000, A.D. 2027-Oct-09 00:00:00.0000,  1.702747920708496E-02,  1.470181294796851E+08,  5.576073467695820E-03,  1.821319297404982E+02,  2.816644512920457E+02,  2.461775488589319E+06,  1.141129225263684E-05,  2.732489129416162E+02,  2.712988676203411E+02,  1.495648417120480E+08,  1.521115539444108E+08,  3.154769784437111E+07,
2461688.500000000, A.D. 2027-Oct-10 00:00:00.0000,  1.698950015118747E-02,  1.469999223695378E+08,  5.587543633058538E-03,  1.821586926225547E+02,  2.821776545611138E+02,  2.461776018480149E+06,  1.141407386279078E-05,  2.736913769179384E+02,  2.717462766032876E+02,  1.495405414206119E+08,  1.520811604716861E+08,  3.154000966942916E+07,
2461689.500000000, A.D. 2027-Oct-11 00:00:00.0000,  1.693621768223979E-02,  1.469860943240377E+08,  5.511015233651983E-03,  1.819526555400188E+02,  2.828726622923524E+02,  2.461776500224739E+06,  1.141661277267296E-05,  2.741833834286708E+02,  2.722451827698384E+02,  1.495183699856076E+08,  1.520506456471776E+08,  3.153299557130494E+07,
2461690.500000000, A.D. 2027-Oct-12 00:00:00.0000,  1.686922882527146E-02,  1.469771200876737E+08,  5.349329595437698E-03,  1.814667621025729E+02,  2.837794671214458E+02,  2.461776917043087E+06,  1.141882548356836E-05,  2.747421100386088E+02,  2.728126568185413E+02,  1.494990538359946E+08,  1.520209875843156E+08,  3.152688518780136E+07,
2461691.500000000, A.D. 2027-Oct-13 00:00:00.0000,  1.679065187982860E-02,  1.469734034612925E+08,  5.108240675495923E-03,  1.806322825629223E+02,  2.849492309375844E+02,  2.461777251603610E+06,  1.142062767840799E-05,  2.753852713061223E+02,  2.734662753973724E+02,  1.494833259491435E+08,  1.519932484369945E+08,  3.152191019068255E+07,
2461692.500000000, A.D. 2027-Oct-14 00:00:00.0000,  1.670331968095575E-02,  1.469752318197180E+08,  4.797336196427073E-03,  1.793539287454355E+02,  2.864596116148962E+02,  2.461777486429464E+06,  1.142193620910609E-05,  2.761306926359821E+02,  2.742236794796522E+02,  1.494719088973532E+08,  1.519685859749883E+08,  3.151829894768557E+07,
2461693.500000000, A.D. 2027-Oct-15 00:00:00.0000,  1.661094211695052E-02,  1.469827105856342E+08,  4.430979612570139E-03,  1.775055048933652E+02,  2.884202557891294E+02,  2.461777604994966E+06,  1.142267396100297E-05,  2.769951799307274E+02,  2.751014306895042E+02,  1.494654729045340E+08,  1.519482352234339E+08,  3.151626328730388E+07,
2461694.500000000, A.D. 2027-Oct-16 00:00:00.0000,  1.651817592053060E-02,  1.469956901801694E+08,  4.028952860475784E-03,  1.749304763652858E+02,  2.909740448032830E+02,  2.461777593490584E+06,  1.142277720521293E-05,  2.779927116358040E+02,  2.761131964483229E+02,  1.494645722789602E+08,  1.519334543777510E+08,  3.151597842910823E+07,
2461695.500000000, A.D. 2027-Oct-17 00:00:00.0000,  1.643053935968949E-02,  1.470137039771785E+08,  3.616371459230862E-03,  1.714581714128658E+02,  2.942831725825536E+02,  2.461777443064079E+06,  1.142220434866190E-05,  2.791321554648777E+02,  2.772674698954124E+02,  1.494695696239609E+08,  1.519254352707432E+08,  3.151755904648771E+07,
2461696.500000000, A.D. 2027-Oct-18 00:00:00.0000,  1.635412952577431E-02,  1.470359377601229E+08,  3.222296131359971E-03,  1.669567985175608E+02,  2.984784748051974E+02,  2.461777152154230E+06,  1.142094441001091E-05,  2.804149062716621E+02,  2.785652227220667E+02,  1.494805622365246E+08,  1.519251867129263E+08,  3.152103600858486E+07,
2461697.500000000, A.D. 2027-Oct-19 00:00:00.0000,  1.629514130281861E-02,  1.470612461141397E+08,  2.876304686873666E-03,  1.614504012630468E+02,  3.035443654303941E+02,  2.461776728405138E+06,  1.141902342681968E-05,  2.818329683607581E+02,  2.799980129124543E+02,  1.494973261684481E+08,  1.519334062227565E+08,  3.152633868448624E+07,
2461698.500000000, A.D. 2027-Oct-20 00:00:00.0000,  1.625923757651119E-02,  1.470882194643886E+08,  2.602550022917457E-03,  1.552940382799811E+02,  3.091445944662132E+02,  2.461776189662917E+06,  1.141650750279632E-05,  2.833679848687734E+02,  2.815470460451579E+02,  1.495192891082711E+08,  1.519503587521535E+08,  3.153328633225378E+07,
2461699.500000000, A.D. 2027-Oct-21 00:00:00.0000,  1.625085966076635E-02,  1.471152918461892E+08,  2.412687873468087E-03,  1.492920465621391E+02,  3.145036516474324E+02,  2.461775563727478E+06,  1.141350212405631E-05,  2.849915362922940E+02,  2.831835072818307E+02,  1.495455353541232E+08,  1.519757788620572E+08,  3.154158960913721E+07,
2461700.500000000, A.D. 2027-Oct-22 00:00:00.0000,  1.627258124972249E-02,  1.471408704576153E+08,  2.302551012155513E-03,  1.445622814209202E+02,  3.185408675989572E+02,  2.461774886787510E+06,  1.141014818854693E-05,  2.866667671793988E+02,  2.848702192923460E+02,  1.495748391811040E+08,  1.520088079045927E+08,  3.155086104502607E+07,
2461701.500000000, A.D. 2027-Oct-23 00:00:00.0000,  1.632460165731636E-02,  1.471634671839038E+08,  2.257674683687673E-03,  1.421418846792325E+02,  3.202618338754049E+02,  2.461774200695178E+06,  1.140661542488287E-05,  2.883511695441777E+02,  2.865644531994257E+02,  1.496057209846336E+08,  1.520479747853634E+08,  3.156063271973567E+07,
2461702.500000000, A.D. 2027-Oct-24 00:00:00.0000,  1.640446101369047E-02,  1.471818177340338E+08,  2.265521178554112E-03,  1.426242237325978E+02,  3.191178031377100E+02,  2.461773549373676E+06,  1.140309345993941E-05,  2.900002191870375E+02,  2.882215887149999E+02,  1.496365242625225E+08,  1.520912307910112E+08,  3.157038055197284E+07,
2461703.500000000, A.D. 2027-Oct-25 00:00:00.0000,  1.650705279740562E-02,  1.471949802209179E+08,  2.325334599169149E-03,  1.460105816398520E+02,  3.151498588916623E+02,  2.461772974723038E+06,  1.139978018466813E-05,  2.915714962636642E+02,  2.897992539448820E+02,  1.496655168088322E+08,  1.521360533967466E+08,  3.157955628689874E+07,
2461704.500000000, A.D. 2027-Oct-26 00:00:00.0000,  1.662499741127746E-02,  1.472024071579970E+08,  2.448275283596984E-03,  1.517075379131091E+02,  3.089873685107249E+02,  2.461772512477333E+06,  1.139686700255387E-05,  2.930288406900066E+02,  2.912614915480710E+02,  1.496910199776163E+08,  1.521796327972357E+08,  3.158762841747029E+07,
2461705.500000000, A.D. 2027-Oct-27 00:00:00.0000,  1.674939561483782E-02,  1.472039826015777E+08,  2.647419953393210E-03,  1.586709120773109E+02,  3.017004366632230E+02,  2.461772188602543E+06,  1.139452156699984E-05,  2.943459601958108E+02,  2.925823621406144E+02,  1.497115607608765E+08,  1.522191389201753E+08,  3.159413037951602E+07,
2461706.500000000, A.D. 2027-Oct-28 00:00:00.0000,  1.687088333544014E-02,  1.472000141058525E+08,  2.924838167293226E-03,  1.657686008157901E+02,  2.944347158927017E+02,  2.461772016921948E+06,  1.139287052918355E-05,  2.955088100835055E+02,  2.937482974189534E+02,  1.497260243957118E+08,  1.522520346855711E+08,  3.159870895380033E+07,
2461707.500000000, A.D. 2027-Oct-29 00:00:00.0000,  1.698078592021780E-02,  1.471911733274738E+08,  3.265753871493542E-03,  1.721793959877913E+02,  2.880120624139743E+02,  2.461771998544800E+06,  1.139198647607728E-05,  2.965161700727084E+02,  2.947586276012726E+02,  1.497337704281411E+08,  1.522763675288084E+08,  3.160116111057415E+07,
2461708.500000000, A.D. 2027-Oct-30 00:00:00.0000,  1.707209488567272E-02,  1.471783914352714E+08,  3.642660698034205E-03,  1.775325795170426E+02,  2.827923982900809E+02,  2.461772123260433E+06,  1.139188312713867E-05,  2.973782522570912E+02,  2.956241258521437E+02,  1.497346760321680E+08,  1.522909606290646E+08,  3.160144780123128E+07,
2461709.500000000, A.D. 2027-Oct-31 00:00:00.0000,  1.714003252405157E-02,  1.471627304530379E+08,  4.023786419735467E-03,  1.817895076227364E+02,  2.787951329756438E+02,  2.461772372473966E+06,  1.139252041513362E-05,  2.981137585064793E+02,  2.963640039820012E+02,  1.497290919590121E+08,  1.522954534649863E+08,  3.159968004286238E+07,
2461710.500000000, A.D. 2027-Nov-01 00:00:00.0000,  1.718212241027377E-02,  1.471452597915141E+08,  4.380040411007207E-03,  1.850663992357497E+02,  2.758800420931038E+02,  2.461772722809940E+06,  1.139381750790952E-05,  2.987462585127644E+02,  2.970022464666281E+02,  1.497177281231136E+08,  1.522901964547130E+08,  3.159608267817966E+07,
2461711.500000000, A.D. 2027-Nov-02 00:00:00.0000,  1.719785887285203E-02,  1.471269630546768E+08,  4.688573831244425E-03,  1.875155552746031E+02,  2.738694224138896E+02,  2.461773149440744E+06,  1.139566928051885E-05,  2.993008344726193E+02,  2.975642369885841E+02,  1.497015084704039E+08,  1.522760538861311E+08,  3.159094838031392E+07,
2461712.500000000, A.D. 2027-Nov-03 00:00:00.0000,  1.718817063895389E-02,  1.471086868611602E+08,  4.933589833356533E-03,  1.892709165450864E+02,  2.726049630699908E+02,  2.461773628492410E+06,  1.139796151046264E-05,  2.998016464014237E+02,  2.980743296911231E+02,  1.496814369407821E+08,  1.522541870204040E+08,  3.158459516375291E+07,
2461713.500000000, A.D. 2027-Nov-04 00:00:00.0000,  1.715487331699392E-02,  1.470911291119168E+08,  5.105601111214516E-03,  1.904303343130956E+02,  2.719667494084434E+02,  2.461774138316293E+06,  1.140058172011680E-05,  3.002706362648841E+02,  2.985545747700817E+02,  1.496585017502534E+08,  1.522258743885901E+08,  3.157733603757825E+07,
2461714.500000000, A.D. 2027-Nov-05 00:00:00.0000,  1.710023935732838E-02,  1.470748552474142E+08,  5.200123515742981E-03,  1.910529355674454E+02,  2.718761588530309E+02,  2.461774659761881E+06,  1.140342475442862E-05,  3.007272397376497E+02,  2.990244571612615E+02,  1.496336260691007E+08,  1.521923968907873E+08,  3.156946336320506E+07,
2461715.500000000, A.D. 2027-Nov-06 00:00:00.0000,  1.702673783320635E-02,  1.470603287910981E+08,  5.216446059872042E-03,  1.911606151840392E+02,  2.722939234210233E+02,  2.461775175750426E+06,  1.140639376311920E-05,  3.011888067151202E+02,  2.995013416011122E+02,  1.496076591818268E+08,  1.521549895725555E+08,  3.156124604114616E+07,
2461716.500000000, A.D. 2027-Nov-07 00:00:00.0000,  1.693694311257669E-02,  1.470479444449458E+08,  5.156822945081099E-03,  1.907391989138341E+02,  2.732181378228904E+02,  2.461775670465955E+06,  1.140939795571605E-05,  3.016714124181856E+02,  3.000013013158280E+02,  1.495813960403816E+08,  1.521148476358173E+08,  3.155293569365259E+07,
2461717.500000000, A.D. 2027-Nov-08 00:00:00.0000,  1.683358624590126E-02,  1.470380551287120E+08,  5.026234062369392E-03,  1.897380217083795E+02,  2.746837427267331E+02,  2.461776128432881E+06,  1.141234857879024E-05,  3.021907870657890E+02,  3.005400563088456E+02,  1.495556124290957E+08,  1.520731697294795E+08,  3.154477779175596E+07,
2461718.500000000, A.D. 2027-Nov-09 00:00:00.0000,  1.671971492086185E-02,  1.470309867884392E+08,  4.832736091546560E-03,  1.880685779408865E+02,  2.767630565804011E+02,  2.461776533706215E+06,  1.141515442632082E-05,  3.027631347327268E+02,  3.011337913240271E+02,  1.495311042228468E+08,  1.520312216572545E+08,  3.153702407826561E+07,
2461719.500000000, A.D. 2027-Nov-10 00:00:00.0000,  1.659892336439764E-02,  1.470270362096767E+08,  4.588318873173251E-03,  1.856052005473212E+02,  2.795646213130530E+02,  2.461776869393217E+06,  1.141771811269874E-05,  3.034056188117490E+02,  3.017996311331303E+02,  1.495087199951860E+08,  1.519904037806953E+08,  3.152994288759059E+07,
2461720.500000000, A.D. 2027-Nov-11 00:00:00.0000,  1.647560233031348E-02,  1.470264483029020E+08,  4.310005820659031E-03,  1.821949483364869E+02,  2.832234278721063E+02,  2.461777117748611E+06,  1.141993439310284E-05,  3.041362677930456E+02,  3.025555279045631E+02,  1.494893758113771E+08,  1.519523033198522E+08,  3.152382383364872E+07,
2461721.500000000, A.D. 2027-Nov-12 00:00:00.0000,  1.635513755642620E-02,  1.470293719470991E+08,  4.020590031108464E-03,  1.776908656828476E+02,  2.878686132151541E+02,  2.461777261097738E+06,  1.142169188989778E-05,  3.049730428778153E+02,  3.034193047465077E+02,  1.494740404396037E+08,  1.519187089321082E+08,  3.151897314953940E+07,
2461722.500000000, A.D. 2027-Nov-13 00:00:00.0000,  1.624395880441834E-02,  1.470357990591509E+08,  3.747834212271180E-03,  1.720286193145824E+02,  2.935488023152008E+02,  2.461777283768489E+06,  1.142287938694435E-05,  3.059318839843516E+02,  3.044066770448547E+02,  1.494636809350160E+08,  1.518915628108811E+08,  3.151569650743735E+07,
2461723.500000000, A.D. 2027-Nov-14 00:00:00.0000,  1.614932961810654E-02,  1.470455003216298E+08,  3.520499607075193E-03,  1.653531057003744E+02,  3.001084313998553E+02,  2.461777174970965E+06,  1.142339703255404E-05,  3.070237964505172E+02,  3.055283217405479E+02,  1.494591656521943E+08,  1.518728309827587E+08,  3.151426838917385E+07,
2461724.500000000, A.D. 2027-Nov-15 00:00:00.0000,  1.607879852341165E-02,  1.470579800078881E+08,  3.360412908299572E-03,  1.581398896280468E+02,  3.070696854720211E+02,  2.461776932135067E+06,  1.142317119932025E-05,  3.082514755489288E+02,  3.067865007846057E+02,  1.494611354925533E+08,  1.518642909772184E+08,  3.151489141836745E+07,
2461725.500000000, A.D. 2027-Nov-16 00:00:00.0000,  1.603932521061441E-02,  1.470724750837944E+08,  3.273357956679242E-03,  1.511767343612190E+02,  3.136538070671504E+02,  2.461776563742814E+06,  1.142216980816482E-05,  3.096064447380284E+02,  3.081722213684750E+02,  1.494698709532014E+08,  1.518672668226084E+08,  3.151765435518776E+07,
2461726.500000000, A.D. 2027-Nov-17 00:00:00.0000,  1.603623210956775E-02,  1.470880138089186E+08,  3.245581583082430E-03,  1.453321776928957E+02,  3.190136451274487E+02,  2.461776090491296E+06,  1.142041370873505E-05,  3.110678847396732E+02,  3.096641097751661E+02,  1.494851930618012E+08,  1.518823723146838E+08,  3.152250077636412E+07,
2461727.500000000, A.D. 2027-Nov-18 00:00:00.0000,  1.607224439635099E-02,  1.471035271035887E+08,  3.250285525324014E-03,  1.412718501766386E+02,  3.225159560909433E+02,  2.461775543990992E+06,  1.141798032735598E-05,  3.126039542783423E+02,  3.112297906327892E+02,  1.495064310014705E+08,  1.519093348993523E+08,  3.152921880041143E+07,
2461728.500000000, A.D. 2027-Nov-19 00:00:00.0000,  1.614688909695475E-02,  1.471179832621271E+08,  3.260065287850823E-03,  1.393488151765593E+02,  3.238472954024399E+02,  2.461774963096002E+06,  1.141499832792006E-05,  3.141754995016424E+02,  3.128296539528376E+02,  1.495324674301152E+08,  1.519469515981033E+08,  3.153745534236937E+07,
2461729.500000000, A.D. 2027-Nov-20 00:00:00.0000,  1.625640518374526E-02,  1.471305078518498E+08,  3.257598940406672E-03,  1.396737573153134E+02,  3.229387246325931E+02,  2.461774388889391E+06,  1.141163512617587E-05,  3.157411138315002E+02,  3.144219584076466E+02,  1.495618458174877E+08,  1.519931837831256E+08,  3.154674996348565E+07,
2461730.500000000, A.D. 2027-Nov-21 00:00:00.0000,  1.639414073853241E-02,  1.471404610163301E+08,  3.240750312786857E-03,  1.422158041876862E+02,  3.198599837071831E+02,  2.461773859736778E+06,  1.140808093777336E-05,  3.172621201972350E+02,  3.159678366164106E+02,  1.495929082069614E+08,  1.520453553975926E+08,  3.155657835561124E+07,
2461731.500000000, A.D. 2027-Nov-22 00:00:00.0000,  1.655128516335534E-02,  1.471474651327419E+08,  3.222269554901140E-03,  1.468286995676775E+02,  3.147895202275434E+02,  2.461773407512673E+06,  1.140453283251690E-05,  3.187063637963187E+02,  3.174350922685741E+02,  1.496239335237565E+08,  1.521004019147711E+08,  3.156639603628118E+07,
2461732.500000000, A.D. 2027-Nov-23 00:00:00.0000,  1.671775732842400E-02,  1.471513930513429E+08,  3.224975247584270E-03,  1.531933630337136E+02,  3.080697636568375E+02,  2.461773055429603E+06,  1.140118070747680E-05,  3.200503868724185E+02,  3.188003663501763E+02,  1.496532599343327E+08,  1.521551268173224E+08,  3.157567704930025E+07,
2461733.500000000, A.D. 2027-Nov-24 00:00:00.0000,  1.688311732443240E-02,  1.471523334744439E+08,  3.273030863733572E-03,  1.607487490720408E+02,  3.002755733864711E+02,  2.461772817324169E+06,  1.139819553235449E-05,  3.212801381931168E+02,  3.200498303373457E+02,  1.496793881455545E+08,  1.522064428166652E+08,  3.158394668507990E+07,
2461734.500000000, A.D. 2027-Nov-25 00:00:00.0000,  1.703742588566419E-02,  1.471505470452738E+08,  3.381535439966560E-03,  1.687304699209208E+02,  2.921759950517052E+02,  2.461772698008362E+06,  1.139571958738069E-05,  3.223906163638309E+02,  3.211788076683091E+02,  1.497010678945318E+08,  1.522515887437897E+08,  3.159080892080342E+07,
2461735.500000000, A.D. 2027-Nov-26 00:00:00.0000,  1.717199822913419E-02,  1.471464204046811E+08,  3.549436494517491E-03,  1.763641885606164E+02,  2.845419487998419E+02,  2.461772694321039E+06,  1.139385875853316E-05,  3.233848169779866E+02,  3.221906933353569E+02,  1.497173667615817E+08,  1.522883131184822E+08,  3.159596828689722E+07,
2461736.500000000, A.D. 2027-Nov-27 00:00:00.0000,  1.727998989096663E-02,  1.471404208027636E+08,  3.759980930931591E-03,  1.830860777027762E+02,  2.779273041537382E+02,  2.461772796631366E+06,  1.139267766351179E-05,  3.242722330285098E+02,  3.230954210397153E+02,  1.497277141903707E+08,  1.523150075779779E+08,  3.159924388565823E+07,
2461737.500000000, A.D. 2027-Nov-28 00:00:00.0000,  1.735674396862020E-02,  1.471330525396573E+08,  3.987417899942927E-03,  1.886253548886257E+02,  2.725881513660760E+02,  2.461772990614677E+06,  1.139219868379982E-05,  3.250670860382934E+02,  3.239076578172043E+02,  1.497319109825130E+08,  1.523307694253686E+08,  3.160057246121726E+07,
2461738.500000000, A.D. 2027-Nov-29 00:00:00.0000,  1.739985297976400E-02,  1.471248175029747E+08,  4.204881810510402E-03,  1.929400492678474E+02,  2.685489242422874E+02,  2.461773259112858E+06,  1.139240545652165E-05,  3.257864720360172E+02,  3.246449154733957E+02,  1.497300992159781E+08,  1.523353809289816E+08,  3.159999890926598E+07,
2461739.500000000, A.D. 2027-Nov-30 00:00:00.0000,  1.740894696202086E-02,  1.471161832046318E+08,  4.389814057431832E-03,  1.961058845640128E+02,  2.657152668377557E+02,  2.461773583859013E+06,  1.139325023846968E-05,  3.264486392305982E+02,  3.253258018048521E+02,  1.497226977080418E+08,  1.523292122114518E+08,  3.159765584577861E+07,
2461740.500000000, A.D. 2027-Dec-01 00:00:00.0000,  1.738528536860940E-02,  1.471075614122292E+08,  4.526329402821826E-03,  1.982302646494084E+02,  2.639614433769580E+02,  2.461773946855104E+06,  1.139466344640872E-05,  3.270716072140517E+02,  3.259686257558474E+02,  1.497103180135194E+08,  1.523130746148097E+08,  3.159373698864813E+07,
2461741.500000000, A.D. 2027-Dec-02 00:00:00.0000,  1.733126995715106E-02,  1.470992985865821E+08,  4.605475686005449E-03,  1.994048841547466E+02,  2.631786285167074E+02,  2.461774331263745E+06,  1.139656320509364E-05,  3.276722673466838E+02,  3.265904969368926E+02,  1.496936801684611E+08,  1.522880617503400E+08,  3.158847044687118E+07,
2461742.500000000, A.D. 2027-Dec-03 00:00:00.0000,  1.724999417610807E-02,  1.470916768849289E+08,  4.624491588738839E-03,  1.996849516072463E+02,  2.632960599515848E+02,  2.461774721783362E+06,  1.139886304367442E-05,  3.282659975025718E+02,  3.272069500430040E+02,  1.496735446586074E+08,  1.522554124322858E+08,  3.158209714606362E+07,
2461743.500000000, A.D. 2027-Dec-04 00:00:00.0000,  1.714491153732254E-02,  1.470849226160135E+08,  4.585858961121689E-03,  1.990821169747381E+02,  2.642880304766103E+02,  2.461775104573749E+06,  1.140147666779848E-05,  3.288667267994099E+02,  3.278320252477535E+02,  1.496506701166648E+08,  1.522164176173160E+08,  3.157485740568663E+07,
2461744.500000000, A.D. 2027-Dec-05 00:00:00.0000,  1.701966305597543E-02,  1.470792182508654E+08,  4.496616922496674E-03,  1.975642109221635E+02,  2.661737418907528E+02,  2.461775466858939E+06,  1.140431955990313E-05,  3.294873254790653E+02,  3.284786749682216E+02,  1.496257989331894E+08,  1.521723796155134E+08,  3.156698636065384E+07,
2461745.500000000, A.D. 2027-Dec-06 00:00:00.0000,  1.687806927785511E-02,  1.470747141980569E+08,  4.368134669080725E-03,  1.950610211635667E+02,  2.690109489808829E+02,  2.461775796358027E+06,  1.140730774829485E-05,  3.301401703965684E+02,  3.291593434603938E+02,  1.495996677543591E+08,  1.521246213106613E+08,  3.155871726646565E+07,
2461746.500000000, A.D. 2027-Dec-07 00:00:00.0000,  1.672427059383200E-02,  1.470715370251321E+08,  4.216276789161114E-03,  1.914811039066502E+02,  2.728785585079722E+02,  2.461776080703930E+06,  1.141035441124116E-05,  3.308377263336578E+02,  3.298865563939107E+02,  1.495730369689420E+08,  1.520745369127518E+08,  3.155029081702653E+07,
2461747.500000000, A.D. 2027-Dec-08 00:00:00.0000,  1.656298464929618E-02,  1.470697912558961E+08,  4.061535369777863E-03,  1.867500882763820E+02,  2.778379079145442E+02,  2.461776307029704E+06,  1.141336519142040E-05,  3.315929630321743E+02,  3.306733378478468E+02,  1.495467314736465E+08,  1.520236716913970E+08,  3.154196803153355E+07,
2461748.500000000, A.D. 2027-Dec-09 00:00:00.0000,  1.639983053170579E-02,  1.470695523095476E+08,  3.928173757302731E-03,  1.808814977856735E+02,  2.838619247834224E+02,  2.461776461944269E+06,  1.141623338067312E-05,  3.324193849535415E+02,  3.315332296501857E+02,  1.495216825644196E+08,  1.519738128192916E+08,  3.153404349717086E+07,
2461749.500000000, A.D. 2027-Dec-10 00:00:00.0000,  1.624163549557119E-02,  1.470708490959818E+08,  3.840956986989446E-03,  1.740733012334284E+02,  2.907392299892891E+02,  2.461776532169635E+06,  1.141883661746354E-05,  3.333303997790163E+02,  3.324796377233037E+02,  1.494989566569725E+08,  1.519270642179632E+08,  3.152685444762645E+07,
2461750.500000000, A.D. 2027-Dec-11 00:00:00.0000,  1.609658913326126E-02,  1.470736372053132E+08,  3.818575491090313E-03,  1.667767677111156E+02,  2.980068821996726E+02,  2.461776506110012E+06,  1.142103734376218E-05,  3.343377524883529E+02,  3.335242330295608E+02,  1.494797513464795E+08,  1.518858654876458E+08,  3.152077951978862E+07,
2461751.500000000, A.D. 2027-Dec-12 00:00:00.0000,  1.597406055894115E-02,  1.470777683694352E+08,  3.865494047045128E-03,  1.596487553271681E+02,  3.050007376791835E+02,  2.461776376458498E+06,  1.142268957377225E-05,  3.354489161466924E+02,  3.346743034188486E+02,  1.494653367094952E+08,  1.518529050495552E+08,  3.151622021022086E+07,
2461752.500000000, A.D. 2027-Dec-13 00:00:00.0000,  1.588389612518584E-02,  1.470829682828918E+08,  3.967197785935899E-03,  1.533672029506363E+02,  3.110433122714811E+02,  2.461776143507057E+06,  1.142365374104315E-05,  3.366637714504798E+02,  3.359294000036120E+02,  1.494569265798761E+08,  1.518308848768604E+08,  3.151356021117695E+07,
2461753.500000000, A.D. 2027-Dec-14 00:00:00.0000,  1.583513664373685E-02,  1.470888391692691E+08,  4.093088154824138E-03,  1.484334938395489E+02,  3.156444513683552E+02,  2.461775818152310E+06,  1.142381876664320E-05,  3.379715832501875E+02,  3.372783031690188E+02,  1.494554872317399E+08,  1.518221352942108E+08,  3.151310497424699E+07,
2461754.500000000, A.D. 2027-Dec-15 00:00:00.0000,  1.583435744876783E-02,  1.470948993595698E+08,  4.205950891235300E-03,  1.451015817874172E+02,  3.185733663150725E+02,  2.461775423066716E+06,  1.142312636191341E-05,  3.393498094583639E+02,  3.386978589941635E+02,  1.494615265965379E+08,  1.518281538335060E+08,  3.151501511882943E+07,
2461755.500000000, A.D. 2027-Dec-16 00:00:00.0000,  1.588413275925669E-02,  1.471006564825187E+08,  4.272964624370286E-03,  1.434358099296529E+02,  3.197988264412228E+02,  2.461774990764580E+06,  1.142158921811993E-05,  3.407660202311688E+02,  3.401549667978420E+02,  1.494749362135156E+08,  1.518492159445125E+08,  3.151925648217792E+07,
2461756.500000000, A.D. 2027-Dec-17 00:00:00.0000,  1.598222518772583E-02,  1.471056910606101E+08,  4.273899201389710E-03,  1.434090428145915E+02,  3.193859367274231E+02,  2.461774558601838E+06,  1.141929532863050E-05,  3.421828937425086E+02,  3.416116674690801E+02,  1.494949530649222E+08,  1.518842150692343E+08,  3.152558801920173E+07,
2461757.500000000, A.D. 2027-Dec-18 00:00:00.0000,  1.612184372960810E-02,  1.471097189425240E+08,  4.204792722249228E-03,  1.449753303202667E+02,  3.174169910478645E+02,  2.461774162387278E+06,  1.141639616471452E-05,  3.435646106114954E+02,  3.430316244814243E+02,  1.495202612284593E+08,  1.519308035143947E+08,  3.153359385973990E+07,
2461758.500000000, A.D. 2027-Dec-19 00:00:00.0000,  1.629283047279270E-02,  1.471126124757999E+08,  4.077416191308914E-03,  1.480979754551025E+02,  3.139579256096235E+02,  2.461773830969984E+06,  1.141308350456266E-05,  3.448822774493969E+02,  3.443856013137593E+02,  1.495491921101944E+08,  1.519857717445889E+08,  3.154274652034931E+07,
2461759.500000000, A.D. 2027-Dec-20 00:00:00.0000,  1.648326966485868E-02,  1.471143823381747E+08,  3.915731696319693E-03,  1.527332203405512E+02,  3.090717553818982E+02,  2.461773583385457E+06,  1.140956352136767E-05,  3.461167917241947E+02,  3.456543383727820E+02,  1.495799489735617E+08,  1.520455156089487E+08,  3.155247782492267E+07,
2461760.500000000, A.D. 2027-Dec-21 00:00:00.0000,  1.668098376551233E-02,  1.471151375181826E+08,  3.750467079782079E-03,  1.587727859282897E+02,  3.028758606512064E+02,  2.461773428669365E+06,  1.140603541115461E-05,  3.472590360449819E+02,  3.468287266886039E+02,  1.496107927227360E+08,  1.521064479272894E+08,  3.156223762447165E+07,
2461761.500000000, A.D. 2027-Dec-22 00:00:00.0000,  1.687461331513944E-02,  1.471150424891205E+08,  3.612379934031502E-03,  1.659609285756416E+02,  2.956265129955098E+02,  2.461773367408288E+06,  1.140267760859060E-05,  3.483083320628699E+02,  3.479082257868791E+02,  1.496401623654522E+08,  1.521652822417839E+08,  3.157153191183634E+07,
2461762.500000000, A.D. 2027-Dec-23 00:00:00.0000,  1.705424610053123E-02,  1.471142830632949E+08,  3.524813259282128E-03,  1.738359275438162E+02,  2.877795950168958E+02,  2.461773393911613E+06,  1.139964084245983E-05,  3.492702708691978E+02,  3.488986571300072E+02,  1.496667364192522E+08,  1.522191897752094E+08,  3.157994229599945E+07,
2461763.500000000, A.D. 2027-Dec-24 00:00:00.0000,  1.721171466737269E-02,  1.471130439717709E+08,  3.497446622190196E-03,  1.817692269547146E+02,  2.799535300013062E+02,  2.461773498252979E+06,  1.139704559666624E-05,  3.501546729047901E+02,  3.498101332720022E+02,  1.496894561802598E+08,  1.522658683887486E+08,  3.158713343265942E+07,
2461764.500000000, A.D. 2027-Dec-25 00:00:00.0000,  1.734070455483091E-02,  1.471114962115818E+08,  3.524316980814668E-03,  1.891180776102733E+02,  2.727782776448569E+02,  2.461773667884974E+06,  1.139498172319377E-05,  3.509739750196557E+02,  3.506554211013269E+02,  1.497075302635148E+08,  1.523035643154479E+08,  3.159285453413606E+07,
2461765.500000000, A.D. 2027-Dec-26 00:00:00.0000,  1.743676652611036E-02,  1.471097907386642E+08,  3.587523018447267E-03,  1.953937002901061E+02,  2.667283775523159E+02,  2.461773888828970E+06,  1.139350898057448E-05,  3.517420436742734E+02,  3.514487358167776E+02,  1.497204309371032E+08,  1.523310711355421E+08,  3.159693827545026E+07,
2461766.500000000, A.D. 2027-Dec-27 00:00:00.0000,  1.749726526613511E-02,  1.471080556182592E+08,  3.664306025705687E-03,  2.003295089221405E+02,  2.620556167417328E+02,  2.461774146552511E+06,  1.139265826828206E-05,  3.524733020422349E+02,  3.522048509926693E+02,  1.497278841245231E+08,  1.523477126307870E+08,  3.159929768123254E+07,
2461767.500000000, A.D. 2027-Dec-28 00:00:00.0000,  1.752125980499453E-02,  1.471063948825687E+08,  3.733679636299522E-03,  2.038394769768780E+02,  2.588313411813824E+02,  2.461774426636215E+06,  1.139243384311588E-05,  3.531820684463484E+02,  3.529384213384048E+02,  1.497298504936306E+08,  1.523533061046925E+08,  3.159992017136336E+07,
2461768.500000000, A.D. 2027-Dec-29 00:00:00.0000,  1.750930639026952E-02,  1.471048883215996E+08,  3.780518932678314E-03,  2.059347034220868E+02,  2.570304022342985E+02,  2.461774715277192E+06,  1.139281676979551E-05,  3.538820579715872E+02,  3.536634709128023E+02,  1.497264954043761E+08,  1.523481024871527E+08,  3.159885805891545E+07,
2461769.500000000, A.D. 2027-Dec-30 00:00:00.0000,  1.746319354533912E-02,  1.471035919778461E+08,  3.797199906164790E-03,  2.066543606483430E+02,  2.566005551177477E+02,  2.461774999629072E+06,  1.139376946475949E-05,  3.545860458995157E+02,  3.543930472450097E+02,  1.497181489909245E+08,  1.523327060040029E+08,  3.159621590672575E+07,
2461770.500000000, A.D. 2027-Dec-31 00:00:00.0000,  1.738564431275294E-02,  1.471025392494397E+08,  3.783738665515503E-03,  2.060282410398625E+02,  2.575000763749368E+02,  2.461775267962996E+06,  1.139524073770568E-05,  3.553057077547118E+02,  3.551390576694277E+02,  1.497052616807692E+08,  1.523079841120986E+08,  3.159213642663967E+07,
2461771.500000000, A.D. 2028-Jan-01 00:00:00.0000,  1.728003693286236E-02,  1.471017423896209E+08,  3.747251307366785E-03,  2.040684650584954E+02,  2.597060362681852E+02,  2.461775509648544E+06,  1.139717046620978E-05,  3.560516368161425E+02,  3.559122890966065E+02,  1.496883628277033E+08,  1.522749832657857E+08,  3.158678735808370E+07,

